2024-06-16 19:09,1052.47,1004.21, Dodaj do koszyka 
2024-06-16 19:34,1052.47,1004.21, Dodaj do koszyka 
2024-06-16 19:34,1052.47,1004.21, Dodaj do koszyka 
2024-06-16 22:08,1051.53,1003.31, Dodaj do koszyka 
2024-06-17 12:14,1040.67,992.89, Dodaj do koszyka 
2024-06-17 17:07,1035.95,988.38, Dodaj do koszyka 
2024-06-17 22:07,1035.87,988.32, Dodaj do koszyka 
2024-06-18 12:14,1035.36,987.80, Dodaj do koszyka 
2024-06-18 17:07,1037.77,990.18, Dodaj do koszyka 
2024-06-18 22:07,1037.87,990.26, Dodaj do koszyka 
2024-06-19 12:14,1035.49,988.01, Dodaj do koszyka 
2024-06-19 17:08,1034.52,987.07, Dodaj do koszyka 
2024-06-19 22:08,1034.05,986.62, Dodaj do koszyka 
2024-06-20 07:43,1039.48,991.86, Dodaj do koszyka 
2024-06-20 07:44,1039.48,991.86, Dodaj do koszyka 
2024-06-20 07:51,1039.48,991.86, Dodaj do koszyka 
2024-06-20 08:12,1037.03,989.50, Dodaj do koszyka 
2024-06-20 10:02,1037.78,990.21, Dodaj do koszyka 
2024-06-20 10:13,1037.78,990.21, Dodaj do koszyka 
2024-06-20 10:14,1037.78,990.21, Dodaj do koszyka 
2024-06-20 12:19,1039.82,992.17, Dodaj do koszyka 
2024-06-20 17:09,1050.41,1002.35, Dodaj do koszyka 
2024-06-20 22:09,1052.43,1004.30, Dodaj do koszyka 
2024-06-21 12:18,1055.09,1006.86, Dodaj do koszyka 
2024-06-21 17:11,1036.02,988.47, Dodaj do koszyka 
2024-06-21 22:10,1035.48,987.96, Dodaj do koszyka 
2024-06-22 12:17,1035.48,987.96, Dodaj do koszyka 
2024-06-22 17:08,1035.48,987.96, Dodaj do koszyka 
2024-06-22 22:09,1035.48,987.96, Dodaj do koszyka 
2024-06-23 12:18,1035.48,987.96, Dodaj do koszyka 
2024-06-23 17:08,1035.48,987.96, Dodaj do koszyka 
2024-06-23 22:09,1036.63,989.05, Dodaj do koszyka 
2024-06-24 12:20,1027.28,980.14, Dodaj do koszyka 
2024-06-24 17:09,,,strona niedostępna
2024-06-24 22:11,,,strona niedostępna
2024-06-25 12:19,,,strona niedostępna
2024-06-25 17:10,,,strona niedostępna
2024-06-25 22:09,,,strona niedostępna
2024-06-26 12:20,,,strona niedostępna
2024-06-26 17:09,,,strona niedostępna
2024-06-26 22:10,,,strona niedostępna
2024-06-27 12:19,,,strona niedostępna
2024-06-27 17:11,,,strona niedostępna
2024-06-27 22:10,,,strona niedostępna
2024-06-28 12:19,,,strona niedostępna
2024-06-28 17:10,,,strona niedostępna
2024-06-28 22:09,,,strona niedostępna
2024-06-29 12:19,,,strona niedostępna
2024-06-29 17:09,,,strona niedostępna
2024-06-29 22:11,,,strona niedostępna
2024-06-30 12:18,,,strona niedostępna
2024-06-30 17:09,,,strona niedostępna
2024-06-30 22:09,,,strona niedostępna
2024-07-01 12:21,,,strona niedostępna
2024-07-01 17:10,,,strona niedostępna
2024-07-01 22:10,,,strona niedostępna
2024-07-02 12:19,,,strona niedostępna
2024-07-02 17:10,,,strona niedostępna
2024-07-02 22:10,,,strona niedostępna
2024-07-03 12:20,,,strona niedostępna
2024-07-03 17:10,,,strona niedostępna
2024-07-03 22:10,,,strona niedostępna
2024-07-04 12:19,1033.64,986.36, Dodaj do koszyka 
2024-07-04 17:10,1029.30,982.20, Dodaj do koszyka 
2024-07-04 22:10,1029.65,982.54, Dodaj do koszyka 
2024-07-05 12:19,1031.61,984.45, Dodaj do koszyka 
2024-07-05 17:10,1041.12,993.60, Dodaj do koszyka 
2024-07-05 22:11,1041.41,993.90, Dodaj do koszyka 
2024-07-06 12:17,1041.41,993.90, Dodaj do koszyka 
2024-07-06 17:08,1041.41,993.90, Dodaj do koszyka 
2024-07-06 22:10,1041.41,993.90, Dodaj do koszyka 
2024-07-07 12:18,1041.41,993.90, Dodaj do koszyka 
2024-07-07 17:09,1041.41,993.90, Dodaj do koszyka 
2024-07-07 22:10,1044.87,997.19, Dodaj do koszyka 
2024-07-08 12:20,1033.19,985.99, Dodaj do koszyka 
2024-07-08 17:09,1024.04,977.19, Dodaj do koszyka 
2024-07-08 22:11,1025.75,978.82, Dodaj do koszyka 
2024-07-09 12:21,1026.36,979.41, Dodaj do koszyka 
2024-07-09 17:10,1024.59,977.73, Dodaj do koszyka 
2024-07-09 22:11,1026.44,979.51, Dodaj do koszyka 
2024-07-10 12:20,1030.63,983.56, Dodaj do koszyka 
2024-07-10 17:09,1031.59,984.47, Dodaj do koszyka 
2024-07-10 22:10,1029.38,982.34, Dodaj do koszyka 
2024-07-11 12:20,1029.41,982.42, Dodaj do koszyka 
2024-07-11 17:10,1042.74,995.26, Dodaj do koszyka 
2024-07-11 22:10,1043.95,996.42, Dodaj do koszyka 
2024-07-12 12:20,1034.79,987.63, Dodaj do koszyka 
2024-07-12 17:11,1038.95,991.65, Dodaj do koszyka 
2024-07-12 22:09,1037.28,990.05, Dodaj do koszyka 
2024-07-13 12:17,1037.28,990.05, Dodaj do koszyka 
2024-07-13 17:08,1037.28,990.05, Dodaj do koszyka 
2024-07-13 22:09,1037.28,990.05, Dodaj do koszyka 
2024-07-14 12:29,1037.28,990.05, Dodaj do koszyka 
2024-07-14 17:15,1037.28,990.05, Dodaj do koszyka 
2024-07-14 22:10,1040.36,992.98, Dodaj do koszyka 
2024-07-15 12:20,1039.60,992.29, Dodaj do koszyka 
2024-07-15 17:10,1045.05,997.53, Dodaj do koszyka 
2024-07-15 22:10,1043.62,996.13, Dodaj do koszyka 
2024-07-16 12:21,1053.67,1005.80, Dodaj do koszyka 
2024-07-16 17:09,1066.85,1018.46, Dodaj do koszyka 
2024-07-16 22:10,1069.43,1020.95, Dodaj do koszyka 
2024-07-17 12:20,1069.75,1021.26, Dodaj do koszyka 
2024-07-17 17:09,1064.23,1015.93, Dodaj do koszyka 
2024-07-17 22:10,1063.83,1015.57, Dodaj do koszyka 
2024-07-18 12:20,1068.05,1019.62, Dodaj do koszyka 
2024-07-18 17:10,1062.33,1014.12, Dodaj do koszyka 
2024-07-18 22:09,1062.20,1013.96, Dodaj do koszyka 
2024-07-19 12:19,1044.11,996.54, Dodaj do koszyka 
2024-07-19 17:10,1041.49,994.01, Dodaj do koszyka 
2024-07-19 22:11,1042.55,995.03, Dodaj do koszyka 
2024-07-20 12:18,1042.55,995.03, Dodaj do koszyka 
2024-07-20 17:09,1042.55,995.03, Dodaj do koszyka 
2024-07-20 22:10,1042.55,995.03, Dodaj do koszyka 
2024-07-21 12:19,1042.55,995.03, Dodaj do koszyka 
2024-07-21 17:08,1042.55,995.03, Dodaj do koszyka 
2024-07-21 22:10,1042.56,995.03, Dodaj do koszyka 
2024-07-22 12:20,1037.92,990.59, Dodaj do koszyka 
2024-07-22 17:10,1037.16,989.85, Dodaj do koszyka 
2024-07-22 22:10,1038.93,991.55, Dodaj do koszyka 
2024-07-23 12:20,1045.21,997.60, Dodaj do koszyka 
2024-07-23 17:10,1044.86,997.25, Dodaj do koszyka 
2024-07-23 22:11,1047.34,999.63, Dodaj do koszyka 
2024-07-24 12:19,1053.88,1005.91, Dodaj do koszyka 
2024-07-24 17:09,1055.74,1007.69, Dodaj do koszyka 
2024-07-24 22:10,1047.77,999.99, Dodaj do koszyka 
2024-07-25 12:20,1032.50,985.30, Dodaj do koszyka 
2024-07-25 17:09,1027.83,980.83, Dodaj do koszyka 
2024-07-25 22:11,1030.71,983.58, Dodaj do koszyka 
2024-07-26 12:19,1030.35,983.28, Dodaj do koszyka 
2024-07-26 17:10,1035.28,988.04, Dodaj do koszyka 
2024-07-26 22:11,1036.43,989.13, Dodaj do koszyka 
2024-07-27 12:20,1036.43,989.13, Dodaj do koszyka 
2024-07-27 17:09,1036.43,989.13, Dodaj do koszyka 
2024-07-27 22:09,1036.43,989.13, Dodaj do koszyka 
2024-07-28 12:18,1036.43,989.13, Dodaj do koszyka 
2024-07-28 17:09,1036.43,989.13, Dodaj do koszyka 
2024-07-28 22:10,1036.57,989.26, Dodaj do koszyka 
2024-07-29 12:20,1044.92,997.23, Dodaj do koszyka 
2024-07-29 17:10,1040.73,993.20, Dodaj do koszyka 
2024-07-29 22:12,1042.96,995.35, Dodaj do koszyka 
2024-07-30 12:20,1041.47,993.94, Dodaj do koszyka 
2024-07-30 17:09,1049.68,1001.83, Dodaj do koszyka 
2024-07-30 22:09,1054.88,1006.84, Dodaj do koszyka 
2024-07-31 12:21,1057.80,1009.65, Dodaj do koszyka 
2024-07-31 17:12,1060.89,1012.64, Dodaj do koszyka 
2024-07-31 22:10,1069.11,1020.56, Dodaj do koszyka 
2024-08-01 12:20,1071.81,1023.12, Dodaj do koszyka 
2024-08-01 17:11,1071.09,1022.41, Dodaj do koszyka 
2024-08-01 22:10,1075.38,1026.55, Dodaj do koszyka 
2024-08-02 12:19,1072.84,1024.17, Dodaj do koszyka 
2024-08-02 17:10,1053.53,1005.63, Dodaj do koszyka 
2024-08-02 22:11,1058.49,1010.40, Dodaj do koszyka 
2024-08-03 12:18,1058.49,1010.40, Dodaj do koszyka 
2024-08-03 17:09,1058.49,1010.40, Dodaj do koszyka 
2024-08-03 22:09,1058.49,1010.40, Dodaj do koszyka 
2024-08-04 12:18,1058.49,1010.40, Dodaj do koszyka 
2024-08-04 17:09,1058.49,1010.40, Dodaj do koszyka 
2024-08-04 22:11,1058.05,1009.98, Dodaj do koszyka 
2024-08-05 12:21,1033.79,986.61, Dodaj do koszyka 
2024-08-05 17:10,1037.56,989.44, Dodaj do koszyka 
2024-08-05 22:10,1044.86,996.45, Dodaj do koszyka 
2024-08-06 12:20,1050.69,1002.01, Dodaj do koszyka 
2024-08-06 17:11,1040.06,991.79, Dodaj do koszyka 
2024-08-06 22:10,brak na stronie,brak na stronie,nie dostępny
2024-08-07 12:20,1048.04,999.44, Dodaj do koszyka 
2024-08-07 17:11,1047.26,998.68, Dodaj do koszyka 
2024-08-07 22:10,1040.92,992.56, Dodaj do koszyka 
2024-08-08 12:20,1051.77,1003.05, Dodaj do koszyka 
2024-08-08 17:09,1057.49,1008.52, Dodaj do koszyka 
2024-08-08 22:10,1060.84,1011.76, Dodaj do koszyka 
2024-08-09 12:20,1060.65,1011.57, Dodaj do koszyka 
2024-08-09 17:10,1062.69,1013.56, Dodaj do koszyka 
2024-08-09 22:11,1061.21,1012.13, Dodaj do koszyka 
2024-08-10 12:19,1061.21,1012.13, Dodaj do koszyka 
2024-08-10 17:08,1061.21,1012.13, Dodaj do koszyka 
2024-08-10 22:10,1061.21,1012.13, Dodaj do koszyka 
2024-08-11 12:18,1061.21,1012.13, Dodaj do koszyka 
2024-08-11 17:09,1061.21,1012.13, Dodaj do koszyka 
2024-08-11 22:11,1061.22,1012.13, Dodaj do koszyka 
2024-08-12 12:22,1062.63,1013.53, Dodaj do koszyka 
2024-08-12 17:10,1070.89,1021.50, Dodaj do koszyka 
2024-08-12 22:11,1074.28,1024.76, Dodaj do koszyka 
2024-08-13 12:21,1067.20,1017.99, Dodaj do koszyka 
2024-08-13 17:10,1065.75,1016.62, Dodaj do koszyka 
2024-08-13 22:10,1061.76,1012.80, Dodaj do koszyka 
2024-08-14 12:20,1064.16,1015.12, Dodaj do koszyka 
2024-08-14 17:09,1050.09,1001.58, Dodaj do koszyka 
2024-08-14 22:11,1052.51,1003.90, Dodaj do koszyka 
2024-08-15 12:21,1057.60,1008.83, Dodaj do koszyka 
2024-08-15 17:09,1057.24,1008.44, Dodaj do koszyka 
2024-08-15 22:11,1059.64,1010.74, Dodaj do koszyka 
2024-08-16 12:21,1059.98,1011.13, Dodaj do koszyka 
2024-08-16 17:09,1066.63,1017.57, Dodaj do koszyka 
2024-08-16 22:10,1070.07,1020.90, Dodaj do koszyka 
2024-08-17 12:18,1070.07,1020.90, Dodaj do koszyka 
2024-08-17 17:08,1070.07,1020.90, Dodaj do koszyka 
2024-08-17 22:09,1070.07,1020.90, Dodaj do koszyka 
2024-08-18 12:20,1070.07,1020.90, Dodaj do koszyka 
2024-08-18 17:08,1070.07,1020.90, Dodaj do koszyka 
2024-08-18 22:10,1071.43,1022.20, Dodaj do koszyka 
2024-08-19 12:21,1063.55,1014.62, Dodaj do koszyka 
2024-08-19 17:11,1065.28,1016.32, Dodaj do koszyka 
2024-08-19 22:11,1063.43,1014.54, Dodaj do koszyka 
2024-08-20 12:21,1071.91,1022.73, Dodaj do koszyka 
2024-08-20 17:10,1065.25,1016.31, Dodaj do koszyka 
2024-08-20 22:09,1066.61,1017.63, Dodaj do koszyka 
2024-08-21 12:20,1068.38,brak na stronie, Dodaj do koszyka 
2024-08-21 17:10,1062.38,brak na stronie, Dodaj do koszyka 
2024-08-21 22:10,1064.76,brak na stronie, Dodaj do koszyka 
2024-08-22 12:20,1060.13,brak na stronie, Dodaj do koszyka 
2024-08-22 17:10,1055.75,brak na stronie, Dodaj do koszyka 
2024-08-22 22:11,1057.22,brak na stronie, Dodaj do koszyka 
2024-08-23 12:20,1060.68,brak na stronie, Dodaj do koszyka 
2024-08-23 17:09,1057.04,brak na stronie, Dodaj do koszyka 
2024-08-23 22:10,1056.14,brak na stronie, Dodaj do koszyka 
2024-08-24 12:18,1056.14,brak na stronie, Dodaj do koszyka 
2024-08-24 17:11,1056.14,brak na stronie, Dodaj do koszyka 
2024-08-24 22:09,1056.14,brak na stronie, Dodaj do koszyka 
2024-08-25 12:19,1056.14,brak na stronie, Dodaj do koszyka 
2024-08-25 17:11,1056.14,brak na stronie, Dodaj do koszyka 
2024-08-25 22:10,1060.55,brak na stronie, Dodaj do koszyka 
2024-08-26 12:21,1068.96,brak na stronie, Dodaj do koszyka 
2024-08-26 17:10,1066.91,brak na stronie, Dodaj do koszyka 
2024-08-26 22:11,1065.95,brak na stronie, Dodaj do koszyka 
2024-08-27 12:20,1063.08,brak na stronie, Dodaj do koszyka 
2024-08-27 17:10,1065.11,brak na stronie, Dodaj do koszyka 
2024-08-27 22:10,1067.02,brak na stronie, Dodaj do koszyka 
2024-08-28 12:22,1066.54,brak na stronie,nie dostępny
2024-08-28 17:10,1066.15,brak na stronie,nie dostępny
2024-08-28 22:10,1068.31,brak na stronie,nie dostępny
2024-08-29 12:21,1073.02,brak na stronie,nie dostępny
2024-08-29 17:10,1077.10,brak na stronie,nie dostępny
2024-08-29 22:10,1076.53,brak na stronie,nie dostępny
2024-08-30 12:20,1072.88,brak na stronie,nie dostępny
2024-08-30 17:11,1067.91,brak na stronie,nie dostępny
2024-08-30 22:10,1070.33,brak na stronie,nie dostępny
2024-08-31 12:19,1070.33,brak na stronie,nie dostępny
2024-08-31 17:09,1070.33,brak na stronie,nie dostępny
2024-08-31 22:11,1070.33,brak na stronie,nie dostępny
2024-09-01 12:19,1070.33,brak na stronie,nie dostępny
2024-09-01 17:09,1070.33,brak na stronie,nie dostępny
2024-09-01 22:11,1071.68,brak na stronie,nie dostępny
2024-09-02 12:22,1066.16,brak na stronie,nie dostępny
2024-09-02 17:10,1064.08,brak na stronie, Dodaj do koszyka 
2024-09-02 22:11,1063.87,brak na stronie, Dodaj do koszyka 
2024-09-03 12:21,1067.87,brak na stronie, Dodaj do koszyka 
2024-09-03 17:11,1063.68,brak na stronie, Dodaj do koszyka 
2024-09-03 22:11,1066.61,brak na stronie, Dodaj do koszyka 
2024-09-04 12:22,1063.39,brak na stronie, Dodaj do koszyka 
2024-09-04 17:10,1062.65,brak na stronie, Dodaj do koszyka 
2024-09-04 22:10,1062.52,brak na stronie, Dodaj do koszyka 
2024-09-05 12:21,1067.38,brak na stronie, Dodaj do koszyka 
2024-09-05 17:10,1068.63,brak na stronie, Dodaj do koszyka 
2024-09-05 22:11,1069.98,brak na stronie, Dodaj do koszyka 
2024-09-06 12:21,1068.49,brak na stronie, Dodaj do koszyka 
2024-09-06 17:10,1061.66,brak na stronie, Dodaj do koszyka 
2024-09-06 22:10,1063.95,brak na stronie, Dodaj do koszyka 
2024-09-07 12:19,1063.95,brak na stronie, Dodaj do koszyka 
2024-09-07 17:10,1063.95,brak na stronie, Dodaj do koszyka 
2024-09-07 22:10,1063.95,brak na stronie, Dodaj do koszyka 
2024-09-08 12:19,1063.95,brak na stronie, Dodaj do koszyka 
2024-09-08 17:10,1063.95,brak na stronie, Dodaj do koszyka 
2024-09-08 22:10,1064.49,brak na stronie, Dodaj do koszyka 
2024-09-09 12:22,1068.14,brak na stronie, Dodaj do koszyka 
2024-09-09 17:10,1068.06,brak na stronie, Dodaj do koszyka 
2024-09-09 22:10,1071.45,brak na stronie, Dodaj do koszyka 
2024-09-10 12:23,1073.41,brak na stronie, Dodaj do koszyka 
2024-09-10 17:10,1077.09,brak na stronie, Dodaj do koszyka 
2024-09-10 22:11,1078.48,brak na stronie, Dodaj do koszyka 
2024-09-11 12:21,1078.59,brak na stronie, Dodaj do koszyka 
2024-09-11 17:10,1081.24,brak na stronie, Dodaj do koszyka 
2024-09-11 22:10,1079.50,brak na stronie, Dodaj do koszyka 
2024-09-12 12:21,1084.15,brak na stronie, Dodaj do koszyka 
2024-09-12 17:10,1092.45,brak na stronie, Dodaj do koszyka 
2024-09-12 22:11,1092.46,brak na stronie, Dodaj do koszyka 
2024-09-13 12:21,1095.86,brak na stronie, Dodaj do koszyka 
2024-09-13 17:10,1100.94,brak na stronie, Dodaj do koszyka 
2024-09-13 22:11,1100.49,brak na stronie, Dodaj do koszyka 
2024-09-14 12:20,1100.49,brak na stronie, Dodaj do koszyka 
2024-09-14 17:10,1100.49,brak na stronie, Dodaj do koszyka 
2024-09-14 22:11,1100.49,brak na stronie, Dodaj do koszyka 
2024-09-15 12:20,1100.49,brak na stronie, Dodaj do koszyka 
2024-09-15 17:09,1100.49,brak na stronie, Dodaj do koszyka 
2024-09-15 22:11,1099.29,brak na stronie, Dodaj do koszyka 
2024-09-16 12:23,1093.39,brak na stronie, Dodaj do koszyka 
2024-09-16 17:10,1094.72,brak na stronie, Dodaj do koszyka 
2024-09-16 22:10,1095.45,brak na stronie, Dodaj do koszyka 
2024-09-17 12:21,1091.12,992.17, Dodaj do koszyka 
2024-09-17 17:10,1086.70,988.07, Dodaj do koszyka 
2024-09-17 22:11,1090.43,991.49, Dodaj do koszyka 
2024-09-18 12:22,1090.93,991.97, Dodaj do koszyka 
2024-09-18 17:10,1090.13,991.24, Dodaj do koszyka 
2024-09-18 22:11,1085.41,986.88, Dodaj do koszyka 
2024-09-19 12:22,1092.84,993.76, Dodaj do koszyka 
2024-09-19 17:10,1095.90,996.55, Dodaj do koszyka 
2024-09-19 22:11,1093.19,994.07, Dodaj do koszyka 
2024-09-20 12:22,1104.51,1004.47, Dodaj do koszyka 
2024-09-20 17:10,1105.38,1005.28, Dodaj do koszyka 
2024-09-20 22:12,1106.42,1006.23, Dodaj do koszyka 
2024-09-21 12:19,1106.42,1006.23, Dodaj do koszyka 
2024-09-21 17:11,1106.42,1006.23, Dodaj do koszyka 
2024-09-21 22:10,1106.42,1006.23, Dodaj do koszyka 
2024-09-22 12:20,1106.42,1006.23, Dodaj do koszyka 
2024-09-22 17:10,1106.42,1006.23, Dodaj do koszyka 
2024-09-22 22:11,1106.60,1006.39, Dodaj do koszyka 
2024-09-23 12:23,1113.34,1012.53, Dodaj do koszyka 
2024-09-23 17:11,1113.74,1012.91, Dodaj do koszyka 
2024-09-23 22:12,1114.39,1013.49, Dodaj do koszyka 
2024-09-24 12:23,1109.56,1009.09, Dodaj do koszyka 
2024-09-24 17:11,1115.96,1015.01, Dodaj do koszyka 
2024-09-24 22:11,1116.56,1015.58, Dodaj do koszyka 
2024-09-25 12:23,1116.88,1015.88, Dodaj do koszyka 
2024-09-25 17:10,1123.25,1028.63, Dodaj do koszyka 
2024-09-25 22:11,1124.98,1030.22, Dodaj do koszyka 
2024-09-26 12:23,1130.10,1034.93, Dodaj do koszyka 
2024-09-26 17:12,1127.83,1032.84, Dodaj do koszyka 
2024-09-26 22:11,1127.92,1032.93, Dodaj do koszyka 
2024-09-27 12:23,1125.47,1030.67, Dodaj do koszyka 
2024-09-27 17:11,1119.48,1025.17, Dodaj do koszyka 
2024-09-27 22:11,1122.14,1027.62, Dodaj do koszyka 
2024-09-28 12:20,1122.14,1027.62, Dodaj do koszyka 
2024-09-28 17:09,1122.14,1027.62, Dodaj do koszyka 
2024-09-28 22:10,1122.14,1027.62, Dodaj do koszyka 
2024-09-29 12:21,1122.14,1027.62, Dodaj do koszyka 
2024-09-29 17:09,1122.14,1027.62, Dodaj do koszyka 
2024-09-29 22:10,1123.90,1029.23, Dodaj do koszyka 
2024-09-30 12:25,1114.26,1020.39, Dodaj do koszyka 
2024-09-30 17:11,1117.51,1023.36, Dodaj do koszyka 
2024-09-30 22:11,1117.91,1023.72, Dodaj do koszyka 
2024-10-01 12:23,1132.41,1037.02, Dodaj do koszyka 
2024-10-01 17:10,1140.84,1044.75, Dodaj do koszyka 
2024-10-01 22:11,1137.87,1042.03, Dodaj do koszyka 
2024-10-02 12:23,1133.98,1038.45, Dodaj do koszyka 
2024-10-02 17:10,1135.82,1040.14, Dodaj do koszyka 
2024-10-02 22:12,1140.51,1044.44, Dodaj do koszyka 
2024-10-03 12:22,1139.40,1043.42, Dodaj do koszyka 
2024-10-03 17:11,1146.00,1049.48, Dodaj do koszyka 
2024-10-03 22:11,1144.41,1048.01, Dodaj do koszyka 
2024-10-04 12:22,1146.55,1049.98, Dodaj do koszyka 
2024-10-04 17:10,1150.19,1053.30, Dodaj do koszyka 
2024-10-04 22:11,1150.15,1053.27, Dodaj do koszyka 
2024-10-05 12:21,1150.15,1053.27, Dodaj do koszyka 
2024-10-05 17:10,1150.15,1053.27, Dodaj do koszyka 
2024-10-05 22:11,1150.15,1053.27, Dodaj do koszyka 
2024-10-06 12:20,1150.15,1053.27, Dodaj do koszyka 
2024-10-06 17:10,1150.15,1053.27, Dodaj do koszyka 
2024-10-06 22:10,1150.60,1053.67, Dodaj do koszyka 
2024-10-07 12:24,1153.31,1056.17, Dodaj do koszyka 
2024-10-07 17:11,1149.06,1052.26, Dodaj do koszyka 
2024-10-07 22:11,1148.25,1051.51, Dodaj do koszyka 
2024-10-08 12:23,1147.97,1051.27, Dodaj do koszyka 
2024-10-08 17:11,1127.80,1032.75, Dodaj do koszyka 
2024-10-08 22:11,1133.86,1038.32, Dodaj do koszyka 
2024-10-09 12:22,1134.37,1038.78, Dodaj do koszyka 
2024-10-09 17:10,1129.50,1034.31, Dodaj do koszyka 
2024-10-09 22:11,1130.24,1034.98, Dodaj do koszyka 
2024-10-10 12:22,1135.38,1039.70, Dodaj do koszyka 
2024-10-10 17:11,1139.49,1043.46, Dodaj do koszyka 
2024-10-10 22:11,1141.37,1045.20, Dodaj do koszyka 
2024-10-11 12:22,1144.23,1047.84, Dodaj do koszyka 
2024-10-11 17:10,1150.18,1053.30, Dodaj do koszyka 
2024-10-11 22:11,1150.13,1053.25, Dodaj do koszyka 
2024-10-12 12:20,1150.13,1053.25, Dodaj do koszyka 
2024-10-12 17:09,1150.13,1053.25, Dodaj do koszyka 
2024-10-12 22:10,1150.13,1053.25, Dodaj do koszyka 
2024-10-13 12:20,1150.13,1053.25, Dodaj do koszyka 
2024-10-13 17:09,1150.13,1053.25, Dodaj do koszyka 
2024-10-13 22:10,1149.62,1052.78, Dodaj do koszyka 
2024-10-14 12:23,1149.95,1053.08, Dodaj do koszyka 
2024-10-14 17:10,1151.02,1054.06, Dodaj do koszyka 
2024-10-14 22:13,1150.93,1053.98, Dodaj do koszyka 
2024-10-15 12:23,1151.20,1054.23, Dodaj do koszyka 
2024-10-15 17:11,1156.59,1059.17, Dodaj do koszyka 
2024-10-15 22:11,1158.05,1060.51, Dodaj do koszyka 
2024-10-16 12:23,1166.35,1068.13, Dodaj do koszyka 
2024-10-16 17:11,1166.78,1068.52, Dodaj do koszyka 
2024-10-16 22:11,1168.07,1069.70, Dodaj do koszyka 
2024-10-17 12:23,1174.02,1075.15, Dodaj do koszyka 
2024-10-17 17:11,1184.53,1084.79, Dodaj do koszyka 
2024-10-17 22:11,1182.00,1082.48, Dodaj do koszyka 
2024-10-18 12:22,1187.70,1087.71, Dodaj do koszyka 
2024-10-18 17:11,1188.00,1087.99, Dodaj do koszyka 
2024-10-18 22:11,1189.65,1089.51, Dodaj do koszyka 
2024-10-19 12:21,1189.65,1089.51, Dodaj do koszyka 
2024-10-19 17:10,1189.65,1089.51, Dodaj do koszyka 
2024-10-19 22:11,1189.65,1089.51, Dodaj do koszyka 
2024-10-20 12:22,1189.65,1089.51, Dodaj do koszyka 
2024-10-20 17:10,1189.65,1089.51, Dodaj do koszyka 
2024-10-20 22:11,1190.36,1090.16, Dodaj do koszyka 
2024-10-21 12:23,1199.68,1098.71, Dodaj do koszyka 
2024-10-21 17:11,1199.09,1098.16, Dodaj do koszyka 
2024-10-21 22:11,1198.40,1097.52, Dodaj do koszyka 
2024-10-22 12:23,1203.71,1102.40, Dodaj do koszyka 
2024-10-22 17:11,1211.33,1109.39, Dodaj do koszyka 
2024-10-22 22:12,1213.41,1111.30, Dodaj do koszyka 
2024-10-23 12:23,1223.22,1120.28, Dodaj do koszyka 
2024-10-23 17:11,1210.50,1108.61, Dodaj do koszyka 
2024-10-23 22:11,1207.60,1105.95, Dodaj do koszyka 
2024-10-24 12:23,1214.28,1112.09, Dodaj do koszyka 
2024-10-24 17:10,1212.15,1110.13, Dodaj do koszyka 
2024-10-24 22:11,1211.33,1109.38, Dodaj do koszyka 
2024-10-25 12:23,1207.37,1105.74, Dodaj do koszyka 
2024-10-25 17:11,1215.88,1113.55, Dodaj do koszyka 
2024-10-25 22:11,1218.64,1116.08, Dodaj do koszyka 
2024-10-26 12:21,1218.64,1116.08, Dodaj do koszyka 
2024-10-26 17:10,1218.64,1116.08, Dodaj do koszyka 
2024-10-26 22:10,1218.64,1116.08, Dodaj do koszyka 
2024-10-27 12:21,1218.64,1116.08, Dodaj do koszyka 
2024-10-27 17:10,1218.64,1116.08, Dodaj do koszyka 
2024-10-27 22:11,1220.18,1117.49, Dodaj do koszyka 
2024-10-28 12:24,1211.43,1109.47, Dodaj do koszyka 
2024-10-28 17:11,1216.04,1113.70, Dodaj do koszyka 
2024-10-28 22:11,1217.13,1114.70, Dodaj do koszyka 
2024-10-29 12:24,1223.00,1120.09, Dodaj do koszyka 
2024-10-29 17:11,1227.53,1124.26, Dodaj do koszyka 
2024-10-29 22:11,1228.31,1124.97, Dodaj do koszyka 
2024-10-30 12:24,1228.71,1125.34, Dodaj do koszyka 
2024-10-30 17:11,1231.44,1127.84, Dodaj do koszyka 
2024-10-30 22:11,1233.23,1129.49, Dodaj do koszyka 
2024-10-31 12:23,1228.22,1124.90, Dodaj do koszyka 
2024-10-31 17:12,1212.25,1110.23, Dodaj do koszyka 
2024-10-31 22:11,1210.46,1108.59, Dodaj do koszyka 
2024-11-01 12:22,1217.71,1115.24, Dodaj do koszyka 
2024-11-01 17:11,1216.36,1114.00, Dodaj do koszyka 
2024-11-01 22:11,1215.66,1113.35, Dodaj do koszyka 
2024-11-02 12:21,1215.66,1113.35, Dodaj do koszyka 
2024-11-02 17:10,1215.66,1113.35, Dodaj do koszyka 
2024-11-02 22:11,1215.66,1113.35, Dodaj do koszyka 
2024-11-03 12:20,1215.66,1113.35, Dodaj do koszyka 
2024-11-03 17:10,1215.66,1113.35, Dodaj do koszyka 
2024-11-03 22:12,1211.20,1109.26, Dodaj do koszyka 
2024-11-04 12:24,1203.22,1101.96, Dodaj do koszyka 
2024-11-04 17:11,1207.31,1105.70, Dodaj do koszyka 
2024-11-04 22:11,1209.04,1107.28, Dodaj do koszyka 
2024-11-05 12:21,1211.28,1109.34, Dodaj do koszyka 
2024-11-05 17:12,1206.03,1104.53, Dodaj do koszyka 
2024-11-05 22:11,1207.02,1105.44, Dodaj do koszyka 
2024-11-06 12:23,1215.36,1113.04, Dodaj do koszyka 
2024-11-06 17:09,1194.14,1093.57, Dodaj do koszyka 
2024-11-06 22:12,1191.10,1090.78, Dodaj do koszyka 
2024-11-07 12:22,1184.03,1084.30, Dodaj do koszyka 
2024-11-07 17:10,1189.03,1088.92, Dodaj do koszyka 
2024-11-07 22:11,1192.39,1092.01, Dodaj do koszyka 
2024-11-08 12:22,1189.41,1089.26, Dodaj do koszyka 
2024-11-08 17:10,1197.45,1096.61, Dodaj do koszyka 
2024-11-08 22:11,1195.16,1094.51, Dodaj do koszyka 
2024-11-09 12:20,1195.16,1094.51, Dodaj do koszyka 
2024-11-09 17:09,1195.16,1094.51, Dodaj do koszyka 
2024-11-09 22:10,1195.16,1094.51, Dodaj do koszyka 
2024-11-10 12:20,1195.16,1094.51, Dodaj do koszyka 
2024-11-10 17:09,1195.16,1094.51, Dodaj do koszyka 
2024-11-10 22:10,1196.10,1095.38, Dodaj do koszyka 
2024-11-11 12:23,1194.46,1093.85, Dodaj do koszyka 
2024-11-11 17:10,1181.07,1081.54, Dodaj do koszyka 
2024-11-11 22:11,1183.43,1083.71, Dodaj do koszyka 
2024-11-12 12:23,1176.67,1077.49, Dodaj do koszyka 
2024-11-12 17:10,1176.96,1077.75, Dodaj do koszyka 
2024-11-12 22:11,1174.46,1075.47, Dodaj do koszyka 
2024-11-13 12:23,1177.04,1077.84, Dodaj do koszyka 
2024-11-13 17:10,1171.47,1072.71, Dodaj do koszyka 
2024-11-13 22:11,1166.58,1068.22, Dodaj do koszyka 
2024-11-14 12:24,1161.34,1063.40, Dodaj do koszyka 
2024-11-14 17:11,1162.47,1064.47, Dodaj do koszyka 
2024-11-14 22:11,1162.36,1064.35, Dodaj do koszyka 
2024-11-15 12:24,1155.86,1058.40, Dodaj do koszyka 
2024-11-15 17:11,1154.81,1057.43, Dodaj do koszyka 
2024-11-15 22:12,1159.04,1061.31, Dodaj do koszyka 
2024-11-16 12:21,1159.04,1061.31, Dodaj do koszyka 
2024-11-16 17:09,1159.04,1061.31, Dodaj do koszyka 
2024-11-16 22:11,1159.04,1061.31, Dodaj do koszyka 
2024-11-17 12:21,1159.04,1061.31, Dodaj do koszyka 
2024-11-17 17:10,1159.04,1061.31, Dodaj do koszyka 
2024-11-17 22:11,1167.06,1068.65, Dodaj do koszyka 
2024-11-18 12:25,1174.53,1075.52, Dodaj do koszyka 
2024-11-18 17:11,1173.37,1074.48, Dodaj do koszyka 
2024-11-18 22:11,1173.61,1074.71, Dodaj do koszyka 
2024-11-19 12:24,1191.33,1090.96, Dodaj do koszyka 
2024-11-19 17:11,1186.32,1086.36, Dodaj do koszyka 
2024-11-19 22:11,1188.28,1088.16, Dodaj do koszyka 
2024-11-20 12:24,1190.93,1090.58, Dodaj do koszyka 
2024-11-20 17:11,1205.94,1104.35, Dodaj do koszyka 
2024-11-20 22:11,1202.43,1101.14, Dodaj do koszyka 
2024-11-21 12:24,1213.29,1111.10, Dodaj do koszyka 
2024-11-21 17:11,1219.71,1116.98, Dodaj do koszyka 
2024-11-21 22:11,1221.42,1118.55, Dodaj do koszyka 
2024-11-22 12:24,1241.03,1136.54, Dodaj do koszyka 
2024-11-22 17:12,1243.82,1139.11, Dodaj do koszyka 
2024-11-22 22:11,1247.73,1142.70, Dodaj do koszyka 
2024-11-23 12:21,1247.73,1142.70, Dodaj do koszyka 
2024-11-23 17:10,1247.73,1142.70, Dodaj do koszyka 
2024-11-23 22:11,1247.73,1142.70, Dodaj do koszyka 
2024-11-24 12:21,1247.73,1142.70, Dodaj do koszyka 
2024-11-24 17:10,1247.73,1142.70, Dodaj do koszyka 
2024-11-24 22:11,1244.74,1139.96, Dodaj do koszyka 
2024-11-25 12:25,1221.35,1118.50, Dodaj do koszyka 
2024-11-25 17:11,1197.08,1096.22, Dodaj do koszyka 
2024-11-25 22:12,1191.35,1090.96, Dodaj do koszyka 
2024-11-26 12:25,1187.45,1087.40, Dodaj do koszyka 
2024-11-26 17:11,1191.93,1091.50, Dodaj do koszyka 
2024-11-26 22:12,1193.50,1092.94, Dodaj do koszyka 
2024-11-27 12:25,1198.09,1097.17, Dodaj do koszyka 
2024-11-27 17:11,1185.17,1085.32, Dodaj do koszyka 
2024-11-27 22:12,1184.94,1085.11, Dodaj do koszyka 
2024-11-28 12:25,1193.05,1092.54, Dodaj do koszyka 
2024-11-28 17:11,1189.19,1089.00, Dodaj do koszyka 
2024-11-28 22:12,1188.38,1088.26, Dodaj do koszyka 
2024-11-29 12:24,1195.43,1094.74, Dodaj do koszyka 
2024-11-29 17:11,1193.39,1092.87, Dodaj do koszyka 
2024-11-29 22:11,1189.11,1088.94, Dodaj do koszyka 
2024-11-30 12:22,1189.11,1088.94, Dodaj do koszyka 
2024-11-30 17:10,1189.11,1088.94, Dodaj do koszyka 
2024-11-30 22:11,1189.11,1088.94, Dodaj do koszyka 
2024-12-01 12:23,1189.11,1088.94, Dodaj do koszyka 
2024-12-01 17:10,1189.11,1088.94, Dodaj do koszyka 
2024-12-01 22:11,1191.57,1091.19, Dodaj do koszyka 
2024-12-02 12:26,1188.13,1088.03, Dodaj do koszyka 
2024-12-02 17:11,1190.29,1090.01, Dodaj do koszyka 
2024-12-02 22:12,1189.55,1089.33, Dodaj do koszyka 
2024-12-03 12:25,1189.71,1089.48, Dodaj do koszyka 
2024-12-03 17:12,1191.40,1091.04, Dodaj do koszyka 
2024-12-03 22:12,1193.45,1092.91, Dodaj do koszyka 
2024-12-04 12:25,1190.99,1090.66, Dodaj do koszyka 
2024-12-04 17:11,1187.60,1087.55, Dodaj do koszyka 
2024-12-04 22:12,1190.84,1090.52, Dodaj do koszyka 
2024-12-05 12:25,1186.63,1086.67, Dodaj do koszyka 
2024-12-05 17:11,1172.36,1073.58, Dodaj do koszyka 
2024-12-05 22:12,1171.13,1072.45, Dodaj do koszyka 
2024-12-06 12:25,1174.45,1075.50, Dodaj do koszyka 
2024-12-06 17:12,1175.57,1076.53, Dodaj do koszyka 
2024-12-06 22:12,1173.00,1074.17, Dodaj do koszyka 
2024-12-07 12:22,1173.00,1074.17, Dodaj do koszyka 
2024-12-07 17:10,1173.00,1074.17, Dodaj do koszyka 
2024-12-07 22:11,1173.00,1074.17, Dodaj do koszyka 
2024-12-08 12:23,1173.00,1074.17, Dodaj do koszyka 
2024-12-08 17:10,1173.00,1074.17, Dodaj do koszyka 
2024-12-08 22:11,1177.21,1078.03, Dodaj do koszyka 
2024-12-09 12:27,1181.28,1081.78, Dodaj do koszyka 
2024-12-09 17:11,1185.16,1085.34, Dodaj do koszyka 
2024-12-09 22:12,1184.58,1084.80, Dodaj do koszyka 
2024-12-10 12:26,1197.82,1096.95, Dodaj do koszyka 
2024-12-10 17:11,1202.97,1101.68, Dodaj do koszyka 
2024-12-10 22:12,1202.67,1101.40, Dodaj do koszyka 
2024-12-11 12:26,1205.83,1104.31, Dodaj do koszyka 
2024-12-11 17:11,1218.36,1115.80, Dodaj do koszyka 
2024-12-11 22:12,1220.59,1117.84, Dodaj do koszyka 
2024-12-12 12:26,1218.73,1116.13, Dodaj do koszyka 
2024-12-12 17:11,1203.07,1101.76, Dodaj do koszyka 
2024-12-12 22:12,1208.05,1106.32, Dodaj do koszyka 
2024-12-13 12:25,1197.57,1096.71, Dodaj do koszyka 
2024-12-13 17:11,1191.94,1091.55, Dodaj do koszyka 
2024-12-13 22:12,1185.78,1085.89, Dodaj do koszyka 
2024-12-14 12:22,1185.78,1085.89, Dodaj do koszyka 
2024-12-14 17:10,1185.78,1085.89, Dodaj do koszyka 
2024-12-14 22:11,1185.78,1085.89, Dodaj do koszyka 
2024-12-15 12:23,1185.78,1085.89, Dodaj do koszyka 
2024-12-15 17:10,1185.78,1085.89, Dodaj do koszyka 
2024-12-15 22:11,1188.85,1088.70, Dodaj do koszyka 
2024-12-16 12:26,1192.69,1092.24, Dodaj do koszyka 
2024-12-16 17:11,1184.86,1085.05, Dodaj do koszyka 
2024-12-16 22:11,1185.63,1085.76, Dodaj do koszyka 
2024-12-17 12:26,1183.86,1084.13, Dodaj do koszyka 
2024-12-17 17:12,1181.80,1082.23, Dodaj do koszyka 
2024-12-17 22:12,1188.46,1088.34, Dodaj do koszyka 
2024-12-18 12:24,1184.01,1084.26, Dodaj do koszyka 
2024-12-18 17:11,1184.02,1084.27, Dodaj do koszyka 
2024-12-18 22:12,1176.47,1077.29, Dodaj do koszyka 
2024-12-19 12:25,1177.09,1077.89, Dodaj do koszyka 
2024-12-19 17:10,1175.18,1076.12, Dodaj do koszyka 
2024-12-19 22:11,1176.63,1077.45, Dodaj do koszyka 
2024-12-20 12:22,1177.66,1078.41, Dodaj do koszyka 
2024-12-20 17:10,1184.23,1084.44, Dodaj do koszyka 
2024-12-20 22:11,1183.06,1083.37, Dodaj do koszyka 
2024-12-21 12:21,1183.06,1083.37, Dodaj do koszyka 
2024-12-21 17:10,1183.06,1083.37, Dodaj do koszyka 
2024-12-21 22:10,1183.06,1083.37, Dodaj do koszyka 
2024-12-22 12:20,1183.06,1083.37, Dodaj do koszyka 
2024-12-22 17:10,1183.06,1083.37, Dodaj do koszyka 
2024-12-22 22:10,1185.11,1085.25, Dodaj do koszyka 
2024-12-23 12:23,1187.26,1087.22, Dodaj do koszyka 
2024-12-23 17:11,1182.54,1082.89, Dodaj do koszyka 
2024-12-23 22:11,1182.19,1082.57, Dodaj do koszyka 
2024-12-24 12:23,1185.07,1085.20, Dodaj do koszyka 
2024-12-24 17:10,1183.05,1083.35, Dodaj do koszyka 
2024-12-24 22:11,1184.83,1084.98, Dodaj do koszyka 
2024-12-25 12:22,1183.06,1083.35, Dodaj do koszyka 
2024-12-25 17:11,1183.06,1083.35, Dodaj do koszyka 
2024-12-25 22:10,1181.16,1081.61, Dodaj do koszyka 
2024-12-26 12:23,1188.04,1087.94, Dodaj do koszyka 
2024-12-26 17:10,1187.36,1087.31, Dodaj do koszyka 
2024-12-26 22:11,1190.34,1090.04, Dodaj do koszyka 
2024-12-27 12:22,1188.69,1088.54, Dodaj do koszyka 
2024-12-27 17:10,1182.36,1082.73, Dodaj do koszyka 
2024-12-27 22:10,1184.05,1084.27, Dodaj do koszyka 
2024-12-28 12:21,1184.05,1084.27, Dodaj do koszyka 
2024-12-28 17:09,1184.05,1084.27, Dodaj do koszyka 
2024-12-28 22:10,1184.05,1084.27, Dodaj do koszyka 
2024-12-29 12:20,1184.05,1084.27, Dodaj do koszyka 
2024-12-29 17:10,1184.05,1084.27, Dodaj do koszyka 
2024-12-29 22:10,1182.74,1083.07, Dodaj do koszyka 
2024-12-30 12:23,1177.53,1078.30, Dodaj do koszyka 
2024-12-30 17:10,1181.08,1081.53, Dodaj do koszyka 
2024-12-30 22:11,1182.36,1082.71, Dodaj do koszyka 
2024-12-31 12:22,1181.46,1081.89, Dodaj do koszyka 
2024-12-31 17:10,1196.63,1095.80, Dodaj do koszyka 
2024-12-31 22:10,1196.07,1095.29, Dodaj do koszyka 
2025-01-01 12:22,1196.20,1095.41, Dodaj do koszyka 
2025-01-01 17:10,1196.20,1095.41, Dodaj do koszyka 
2025-01-01 22:11,1197.07,1096.20, Dodaj do koszyka 
2025-01-02 12:23,1205.04,1103.52, Dodaj do koszyka 
2025-01-02 17:10,1220.82,1117.99, Dodaj do koszyka 
2025-01-02 22:11,1221.25,1118.38, Dodaj do koszyka 
2025-01-03 12:22,1216.62,1114.14, Dodaj do koszyka 
2025-01-03 17:10,1208.15,1106.37, Dodaj do koszyka 
2025-01-03 22:11,1207.01,1105.32, Dodaj do koszyka 
2025-01-04 12:21,1207.01,1105.32, Dodaj do koszyka 
2025-01-04 17:09,1207.01,1105.32, Dodaj do koszyka 
2025-01-04 22:10,1207.01,1105.32, Dodaj do koszyka 
2025-01-05 12:21,1207.01,1105.32, Dodaj do koszyka 
2025-01-05 17:09,1207.01,1105.32, Dodaj do koszyka 
2025-01-05 22:10,1209.10,1107.24, Dodaj do koszyka 
2025-01-06 12:24,1192.15,1091.71, Dodaj do koszyka 
2025-01-06 17:10,1192.03,1091.60, Dodaj do koszyka 
2025-01-06 22:11,1192.27,1091.82, Dodaj do koszyka 
2025-01-07 12:24,1194.52,1093.89, Dodaj do koszyka 
2025-01-07 17:11,1203.36,1101.99, Dodaj do koszyka 
2025-01-07 22:11,1204.14,1102.70, Dodaj do koszyka 
2025-01-08 12:24,1214.28,1111.99, Dodaj do koszyka 
2025-01-08 17:10,1220.47,1117.68, Dodaj do koszyka 
2025-01-08 22:11,1216.97,1114.46, Dodaj do koszyka 
2025-01-09 12:24,1222.76,1119.78, Dodaj do koszyka 
2025-01-09 17:10,1216.40,1113.95, Dodaj do koszyka 
2025-01-09 22:11,1219.00,1116.34, Dodaj do koszyka 
2025-01-10 12:23,1224.00,1120.92, Dodaj do koszyka 
2025-01-10 17:10,1239.11,1134.77, Dodaj do koszyka 
2025-01-10 22:11,1236.46,1132.35, Dodaj do koszyka 
2025-01-11 12:21,1236.46,1132.35, Dodaj do koszyka 
2025-01-11 17:10,1236.46,1132.35, Dodaj do koszyka 
2025-01-11 22:10,1236.46,1132.35, Dodaj do koszyka 
2025-01-12 12:21,1236.46,1132.35, Dodaj do koszyka 
2025-01-12 17:09,1236.46,1132.35, Dodaj do koszyka 
2025-01-12 22:10,1239.39,1135.03, Dodaj do koszyka 
2025-01-13 12:24,1238.16,1133.90, Dodaj do koszyka 
2025-01-13 17:11,1227.04,1123.69, Dodaj do koszyka 
2025-01-13 22:11,1224.77,1121.61, Dodaj do koszyka 
2025-01-14 12:22,1228.18,1124.74, Dodaj do koszyka 
2025-01-14 17:10,1221.50,1118.63, Dodaj do koszyka 
2025-01-14 22:11,1223.21,1120.20, Dodaj do koszyka 
2025-01-15 12:22,1225.57,1122.37, Dodaj do koszyka 
2025-01-15 17:10,1227.99,1124.59, Dodaj do koszyka 
2025-01-15 22:11,1231.45,1127.76, Dodaj do koszyka 
2025-01-16 12:22,1238.02,1133.79, Dodaj do koszyka 
2025-01-16 17:11,1242.63,1138.03, Dodaj do koszyka 
2025-01-16 22:11,1240.25,1135.84, Dodaj do koszyka 
2025-01-17 12:21,1235.72,1131.69, Dodaj do koszyka 
2025-01-17 17:10,1239.21,1134.89, Dodaj do koszyka 
2025-01-17 22:10,1237.19,1133.02, Dodaj do koszyka 
2025-01-18 12:20,1237.19,1133.02, Dodaj do koszyka 
2025-01-18 17:09,1237.19,1133.02, Dodaj do koszyka 
2025-01-18 22:10,1237.19,1133.02, Dodaj do koszyka 
2025-01-19 12:20,1237.19,1133.02, Dodaj do koszyka 
2025-01-19 17:09,1237.19,1133.02, Dodaj do koszyka 
2025-01-19 22:11,1237.16,1133.00, Dodaj do koszyka 
2025-01-20 12:23,1232.04,1128.32, Dodaj do koszyka 
2025-01-20 17:10,1221.78,1118.92, Dodaj do koszyka 
2025-01-20 22:11,1221.39,1118.57, Dodaj do koszyka 
2025-01-21 12:23,1234.70,1130.77, Dodaj do koszyka 
2025-01-21 17:11,1233.81,1129.98, Dodaj do koszyka 
2025-01-21 22:11,1235.32,1131.36, Dodaj do koszyka 
2025-01-22 12:23,1230.74,1127.18, Dodaj do koszyka 
2025-01-22 17:11,1233.71,1129.90, Dodaj do koszyka 
2025-01-22 22:11,1234.61,1130.72, Dodaj do koszyka 
2025-01-23 12:23,1229.41,1125.95, Dodaj do koszyka 
2025-01-23 17:11,1227.81,1124.50, Dodaj do koszyka 
2025-01-23 22:11,1230.24,1126.72, Dodaj do koszyka 
2025-01-24 12:22,1231.45,1127.85, Dodaj do koszyka 
2025-01-24 17:10,1224.91,1121.85, Dodaj do koszyka 
2025-01-24 22:11,1227.31,1124.05, Dodaj do koszyka 
2025-01-25 12:20,1227.31,1124.05, Dodaj do koszyka 
2025-01-25 17:09,1227.31,1124.05, Dodaj do koszyka 
2025-01-25 22:11,1227.31,1124.05, Dodaj do koszyka 
2025-01-26 12:20,1227.31,1124.05, Dodaj do koszyka 
2025-01-26 17:10,1227.31,1124.05, Dodaj do koszyka 
2025-01-26 22:10,1227.31,1124.05, Dodaj do koszyka 
2025-01-27 12:23,1224.76,1121.71, Dodaj do koszyka 
2025-01-27 17:10,1210.64,1108.75, Dodaj do koszyka 
2025-01-27 22:11,1214.43,1112.23, Dodaj do koszyka 
2025-01-28 12:22,1222.48,1119.60, Dodaj do koszyka 
2025-01-28 17:10,1226.83,1123.60, Dodaj do koszyka 
2025-01-28 22:11,1228.63,1125.25, Dodaj do koszyka 
2025-01-29 12:22,1232.10,1128.43, Dodaj do koszyka 
2025-01-29 17:11,1225.54,1122.41, Dodaj do koszyka 
2025-01-29 22:11,1228.86,1125.46, Dodaj do koszyka 
2025-01-30 12:22,1239.97,1135.66, Dodaj do koszyka 
2025-01-30 17:10,1240.98,1136.60, Dodaj do koszyka 
2025-01-30 22:11,1247.59,1142.65, Dodaj do koszyka 
2025-01-31 12:22,1256.95,1151.23, Dodaj do koszyka 
2025-01-31 17:10,1256.01,1150.38, Dodaj do koszyka 
2025-01-31 22:11,1256.35,1150.68, Dodaj do koszyka 
2025-02-01 12:20,1256.35,1150.68, Dodaj do koszyka 
2025-02-01 17:10,1256.35,1150.68, Dodaj do koszyka 
2025-02-01 22:11,1256.35,1150.68, Dodaj do koszyka 
2025-02-02 12:19,1256.35,1150.68, Dodaj do koszyka 
2025-02-02 17:10,1256.35,1150.68, Dodaj do koszyka 
2025-02-02 22:10,1267.92,1161.27, Dodaj do koszyka 
2025-02-03 12:22,1273.90,1166.76, Dodaj do koszyka 
2025-02-03 17:10,1279.56,1171.95, Dodaj do koszyka 
2025-02-03 22:11,1270.17,1163.35, Dodaj do koszyka 
2025-02-04 12:23,1271.65,1164.71, Dodaj do koszyka 
2025-02-04 17:11,1271.01,1164.14, Dodaj do koszyka 
2025-02-04 22:11,1272.58,1165.59, Dodaj do koszyka 
2025-02-05 12:23,1276.05,1168.79, Dodaj do koszyka 
2025-02-05 17:10,1278.61,1171.14, Dodaj do koszyka 
2025-02-05 22:11,1277.58,1170.20, Dodaj do koszyka 
2025-02-06 12:23,1283.84,1175.93, Dodaj do koszyka 
2025-02-06 17:10,1270.53,1163.72, Dodaj do koszyka 
2025-02-06 22:11,1271.44,1164.56, Dodaj do koszyka 
2025-02-07 12:22,1276.71,1169.39, Dodaj do koszyka 
2025-02-07 17:10,1281.82,1174.07, Dodaj do koszyka 
2025-02-07 22:11,1282.35,1174.55, Dodaj do koszyka 
2025-02-08 12:20,1282.35,1174.55, Dodaj do koszyka 
2025-02-08 17:09,1282.35,1174.55, Dodaj do koszyka 
2025-02-08 22:09,1282.35,1174.55, Dodaj do koszyka 
2025-02-09 12:20,1282.35,1174.55, Dodaj do koszyka 
2025-02-09 17:09,1282.35,1174.55, Dodaj do koszyka 
2025-02-09 22:11,1288.12,1179.84, Dodaj do koszyka 
2025-02-10 12:23,1300.22,1190.97, Dodaj do koszyka 
2025-02-10 17:10,1298.40,1189.30, Dodaj do koszyka 
2025-02-10 22:11,1302.85,1193.38, Dodaj do koszyka 
2025-02-11 12:23,1294.19,1185.44, Dodaj do koszyka 
2025-02-11 17:11,1290.56,1182.12, Dodaj do koszyka 
2025-02-11 22:11,1287.85,1179.63, Dodaj do koszyka 
2025-02-12 12:23,1278.35,1170.91, Dodaj do koszyka 
2025-02-12 17:11,1282.03,1174.30, Dodaj do koszyka 
2025-02-12 22:11,1285.85,1177.81, Dodaj do koszyka 
2025-02-13 12:23,1292.66,1184.06, Dodaj do koszyka 
2025-02-13 17:09,1286.84,1178.72, Dodaj do koszyka 
2025-02-13 22:11,1287.79,1179.60, Dodaj do koszyka 
2025-02-14 12:23,1287.01,1178.89, Dodaj do koszyka 
2025-02-14 17:10,1265.45,1159.11, Dodaj do koszyka 
2025-02-14 22:11,1262.67,1156.55, Dodaj do koszyka 
2025-02-15 12:20,1262.67,1156.55, Dodaj do koszyka 
2025-02-15 17:10,1262.67,1156.55, Dodaj do koszyka 
2025-02-15 22:10,1262.67,1156.55, Dodaj do koszyka 
2025-02-16 12:23,1262.67,1156.55, Dodaj do koszyka 
2025-02-16 17:10,1262.67,1156.55, Dodaj do koszyka 
2025-02-16 22:10,1266.26,1159.84, Dodaj do koszyka 
2025-02-17 12:24,1267.95,1161.40, Dodaj do koszyka 
2025-02-17 17:10,1268.82,1162.20, Dodaj do koszyka 
2025-02-17 22:11,1269.53,1162.85, Dodaj do koszyka 
2025-02-18 12:24,1278.81,1171.36, Dodaj do koszyka 
2025-02-18 17:11,1285.30,1177.32, Dodaj do koszyka 
2025-02-18 22:11,1286.30,1178.24, Dodaj do koszyka 
2025-02-19 12:21,1296.66,brak na stronie, Dodaj do koszyka 
2025-02-19 17:11,1297.03,brak na stronie, Dodaj do koszyka 
2025-02-19 22:11,1296.71,brak na stronie, Dodaj do koszyka 
2025-02-20 12:24,1295.46,brak na stronie, Dodaj do koszyka 
2025-02-20 17:11,1290.43,brak na stronie, Dodaj do koszyka 
2025-02-20 22:11,1286.62,brak na stronie, Dodaj do koszyka 
2025-02-21 12:23,1288.07,brak na stronie, Dodaj do koszyka 
2025-02-21 17:11,1288.63,brak na stronie, Dodaj do koszyka 
2025-02-21 22:11,1289.44,brak na stronie, Dodaj do koszyka 
2025-02-22 12:20,1289.44,brak na stronie, Dodaj do koszyka 
2025-02-22 17:10,1289.44,brak na stronie, Dodaj do koszyka 
2025-02-22 22:10,1289.44,brak na stronie, Dodaj do koszyka 
2025-02-23 12:20,1289.44,brak na stronie, Dodaj do koszyka 
2025-02-23 17:10,1289.44,brak na stronie, Dodaj do koszyka 
2025-02-23 22:10,1291.61,brak na stronie, Dodaj do koszyka 
2025-02-24 12:24,1287.74,brak na stronie, Dodaj do koszyka 
2025-02-24 17:11,1283.42,brak na stronie, Dodaj do koszyka 
2025-02-24 22:11,1290.69,brak na stronie, Dodaj do koszyka 
2025-02-25 12:24,1280.01,brak na stronie, Dodaj do koszyka 
2025-02-25 17:13,1260.54,brak na stronie, Dodaj do koszyka 
2025-02-25 22:11,1267.36,brak na stronie, Dodaj do koszyka 
2025-02-26 12:24,1269.38,brak na stronie, Dodaj do koszyka 
2025-02-26 17:11,1264.20,brak na stronie, Dodaj do koszyka 
2025-02-26 22:11,1270.86,brak na stronie, Dodaj do koszyka 
2025-02-27 12:24,1254.91,brak na stronie, Dodaj do koszyka 
2025-02-27 17:11,1267.58,brak na stronie, Dodaj do koszyka 
2025-02-27 22:13,1271.27,brak na stronie, Dodaj do koszyka 
2025-02-28 12:24,1259.26,brak na stronie, Dodaj do koszyka 
2025-02-28 17:11,1255.37,brak na stronie, Dodaj do koszyka 
2025-02-28 22:11,1275.30,brak na stronie, Dodaj do koszyka 
2025-03-01 12:21,1275.30,brak na stronie, Dodaj do koszyka 
2025-03-01 17:10,1275.30,brak na stronie, Dodaj do koszyka 
2025-03-01 22:10,1275.30,brak na stronie, Dodaj do koszyka 
2025-03-02 12:21,1275.30,brak na stronie, Dodaj do koszyka 
2025-03-02 17:10,1275.30,brak na stronie, Dodaj do koszyka 
2025-03-02 22:11,1267.14,brak na stronie, Dodaj do koszyka 
2025-03-03 12:24,1264.98,brak na stronie, Dodaj do koszyka 
2025-03-03 17:11,1264.99,brak na stronie, Dodaj do koszyka 
2025-03-03 22:11,1266.12,brak na stronie, Dodaj do koszyka 
2025-03-04 12:24,1270.84,brak na stronie, Dodaj do koszyka 
2025-03-04 17:12,1275.82,brak na stronie, Dodaj do koszyka 
2025-03-04 22:11,1263.52,brak na stronie, Dodaj do koszyka 
2025-03-05 12:24,1247.60,brak na stronie, Dodaj do koszyka 
2025-03-05 17:11,1243.29,brak na stronie, Dodaj do koszyka 
2025-03-05 22:12,1240.69,brak na stronie, Dodaj do koszyka 
2025-03-06 12:24,1236.94,brak na stronie, Dodaj do koszyka 
2025-03-06 17:11,1240.23,brak na stronie, Dodaj do koszyka 
2025-03-06 22:12,1243.81,brak na stronie, Dodaj do koszyka 
2025-03-07 12:23,1240.28,brak na stronie, Dodaj do koszyka 
2025-03-07 17:11,1235.36,brak na stronie, Dodaj do koszyka 
2025-03-07 22:10,1236.09,brak na stronie, Dodaj do koszyka 
2025-03-08 12:17,1236.09,brak na stronie, Dodaj do koszyka 
2025-03-08 17:10,1236.09,brak na stronie, Dodaj do koszyka 
2025-03-08 22:09,1236.09,brak na stronie, Dodaj do koszyka 
2025-03-09 12:17,1236.09,brak na stronie, Dodaj do koszyka 
2025-03-09 17:08,1236.09,brak na stronie, Dodaj do koszyka 
2025-03-09 22:10,1236.60,brak na stronie, Dodaj do koszyka 
2025-03-10 12:25,1237.77,brak na stronie, Dodaj do koszyka 
2025-03-10 17:12,1237.94,brak na stronie, Dodaj do koszyka 
2025-03-10 22:12,1235.67,brak na stronie, Dodaj do koszyka 
2025-03-11 12:25,1234.23,brak na stronie, Dodaj do koszyka 
2025-03-11 17:12,1236.82,brak na stronie, Dodaj do koszyka 
2025-03-11 22:11,1238.50,brak na stronie, Dodaj do koszyka 
2025-03-12 12:25,1236.74,brak na stronie, Dodaj do koszyka 
2025-03-12 17:11,1245.29,brak na stronie, Dodaj do koszyka 
2025-03-12 22:12,1245.96,brak na stronie, Dodaj do koszyka 
2025-03-13 12:25,1257.53,brak na stronie, Dodaj do koszyka 
2025-03-13 17:10,1265.79,brak na stronie, Dodaj do koszyka 
2025-03-13 22:11,1271.65,brak na stronie, Dodaj do koszyka 
2025-03-14 12:24,1264.07,brak na stronie, Dodaj do koszyka 
2025-03-14 17:10,1266.56,brak na stronie, Dodaj do koszyka 
2025-03-14 22:11,1270.28,brak na stronie, Dodaj do koszyka 
2025-03-15 12:21,1270.28,brak na stronie, Dodaj do koszyka 
2025-03-15 17:10,1270.28,brak na stronie, Dodaj do koszyka 
2025-03-15 22:11,1270.28,brak na stronie, Dodaj do koszyka 
2025-03-16 12:21,1270.28,brak na stronie, Dodaj do koszyka 
2025-03-16 17:10,1270.28,brak na stronie, Dodaj do koszyka 
2025-03-16 22:11,1269.36,brak na stronie, Dodaj do koszyka 
2025-03-17 12:26,1266.23,brak na stronie, Dodaj do koszyka 
2025-03-17 17:11,1265.27,brak na stronie, Dodaj do koszyka 
2025-03-17 22:12,1268.67,brak na stronie, Dodaj do koszyka 
2025-03-18 12:25,1275.80,brak na stronie, Dodaj do koszyka 
2025-03-18 17:12,1275.80,brak na stronie, Dodaj do koszyka 
2025-03-18 22:12,1275.80,brak na stronie, Dodaj do koszyka 
2025-03-19 12:25,,,strona niedostępna
2025-03-19 17:12,,,strona niedostępna
2025-03-19 22:12,,,strona niedostępna
2025-03-20 12:24,,,strona niedostępna
2025-03-20 17:12,1294.77,brak na stronie, Dodaj do koszyka 
2025-03-20 22:11,1297.91,brak na stronie, Dodaj do koszyka 
2025-03-21 12:24,1294.23,brak na stronie, Dodaj do koszyka 
2025-03-21 17:11,1287.95,brak na stronie, Dodaj do koszyka 
2025-03-21 22:12,1295.17,brak na stronie, Dodaj do koszyka 
2025-03-22 12:21,1295.17,brak na stronie, Dodaj do koszyka 
2025-03-22 17:09,1295.17,brak na stronie, Dodaj do koszyka 
2025-03-22 22:11,1295.17,brak na stronie, Dodaj do koszyka 
2025-03-23 12:22,1295.17,brak na stronie, Dodaj do koszyka 
2025-03-23 17:10,1295.17,brak na stronie, Dodaj do koszyka 
2025-03-23 22:12,1295.17,brak na stronie, Dodaj do koszyka 
2025-03-24 12:26,1287.70,brak na stronie, Dodaj do koszyka 
2025-03-24 17:11,1282.44,brak na stronie, Dodaj do koszyka 
2025-03-24 22:12,1283.96,brak na stronie, Dodaj do koszyka 
2025-03-25 12:25,1282.07,brak na stronie, Dodaj do koszyka 
2025-03-25 17:11,1284.78,brak na stronie, Dodaj do koszyka 
2025-03-25 22:12,1285.31,brak na stronie, Dodaj do koszyka 
2025-03-26 12:25,1291.77,brak na stronie, Dodaj do koszyka 
2025-03-26 17:11,1290.38,brak na stronie, Dodaj do koszyka 
2025-03-26 22:12,1298.73,brak na stronie, Dodaj do koszyka 
2025-03-27 12:26,1308.73,brak na stronie, Dodaj do koszyka 
2025-03-27 17:11,1303.10,brak na stronie, Dodaj do koszyka 
2025-03-27 22:12,1307.89,brak na stronie, Dodaj do koszyka 
2025-03-28 12:24,1316.87,brak na stronie, Dodaj do koszyka 
2025-03-28 17:12,1312.79,brak na stronie, Dodaj do koszyka 
2025-03-28 22:12,1315.61,brak na stronie, Dodaj do koszyka 
2025-03-29 12:22,1315.61,brak na stronie, Dodaj do koszyka 
2025-03-29 17:10,1315.61,brak na stronie, Dodaj do koszyka 
2025-03-29 22:11,1315.61,brak na stronie, Dodaj do koszyka 
2025-03-30 12:22,1315.61,brak na stronie, Dodaj do koszyka 
2025-03-30 17:10,1315.61,brak na stronie, Dodaj do koszyka 
2025-03-30 22:11,1316.41,brak na stronie, Dodaj do koszyka 
2025-03-31 12:26,brak na stronie,brak na stronie, Dodaj do koszyka 
2025-03-31 17:11,brak na stronie,brak na stronie, Dodaj do koszyka 
2025-03-31 22:13,brak na stronie,brak na stronie, Dodaj do koszyka 
2025-04-01 12:27,brak na stronie,brak na stronie, Dodaj do koszyka 
2025-04-01 17:12,brak na stronie,brak na stronie, Dodaj do koszyka 
2025-04-01 22:12,brak na stronie,brak na stronie, Dodaj do koszyka 
2025-04-02 12:26,brak na stronie,brak na stronie, Dodaj do koszyka 
2025-04-02 17:11,brak na stronie,brak na stronie, Dodaj do koszyka 
2025-04-02 22:12,brak na stronie,brak na stronie, Dodaj do koszyka 
2025-04-03 12:26,brak na stronie,brak na stronie, Dodaj do koszyka 
2025-04-03 17:11,brak na stronie,brak na stronie, Dodaj do koszyka 
2025-04-03 22:12,brak na stronie,brak na stronie, Dodaj do koszyka 
2025-04-04 12:25,brak na stronie,brak na stronie, Dodaj do koszyka 
2025-04-04 17:11,brak na stronie,brak na stronie, Dodaj do koszyka 
2025-04-04 22:12,brak na stronie,brak na stronie, Dodaj do koszyka 
2025-04-05 12:22,brak na stronie,brak na stronie, Dodaj do koszyka 
2025-04-05 17:10,brak na stronie,brak na stronie, Dodaj do koszyka 
2025-04-05 22:11,brak na stronie,brak na stronie, Dodaj do koszyka 
2025-04-06 12:22,brak na stronie,brak na stronie, Dodaj do koszyka 
2025-04-06 17:10,brak na stronie,brak na stronie, Dodaj do koszyka 
2025-04-06 22:11,brak na stronie,brak na stronie, Dodaj do koszyka 
2025-04-07 12:27,brak na stronie,brak na stronie, Dodaj do koszyka 
2025-04-07 17:12,brak na stronie,brak na stronie, Dodaj do koszyka 
2025-04-07 22:12,brak na stronie,brak na stronie, Dodaj do koszyka 
2025-04-08 12:26,brak na stronie,brak na stronie, Dodaj do koszyka 
2025-04-08 17:11,brak na stronie,brak na stronie, Dodaj do koszyka 
2025-04-08 22:12,brak na stronie,brak na stronie, Dodaj do koszyka 
2025-04-09 12:26,brak na stronie,brak na stronie, Dodaj do koszyka 
2025-04-09 17:12,brak na stronie,brak na stronie, Dodaj do koszyka 
2025-04-09 22:12,brak na stronie,brak na stronie, Dodaj do koszyka 
2025-04-10 12:26,brak na stronie,brak na stronie, Dodaj do koszyka 
2025-04-10 17:12,brak na stronie,brak na stronie, Dodaj do koszyka 
2025-04-10 22:12,brak na stronie,brak na stronie, Dodaj do koszyka 
2025-04-11 12:26,brak na stronie,brak na stronie, Dodaj do koszyka 
2025-04-11 17:11,brak na stronie,brak na stronie, Dodaj do koszyka 
2025-04-11 22:12,brak na stronie,brak na stronie, Dodaj do koszyka 
2025-04-12 12:22,brak na stronie,brak na stronie, Dodaj do koszyka 
2025-04-12 17:11,brak na stronie,brak na stronie, Dodaj do koszyka 
2025-04-12 22:11,brak na stronie,brak na stronie, Dodaj do koszyka 
2025-04-13 12:23,brak na stronie,brak na stronie, Dodaj do koszyka 
2025-04-13 17:10,brak na stronie,brak na stronie, Dodaj do koszyka 
2025-04-13 22:11,brak na stronie,brak na stronie, Dodaj do koszyka 
2025-04-14 12:26,brak na stronie,brak na stronie, Dodaj do koszyka 
2025-04-14 17:11,brak na stronie,brak na stronie, Dodaj do koszyka 
2025-04-14 22:12,brak na stronie,brak na stronie, Dodaj do koszyka 
2025-04-15 12:26,brak na stronie,brak na stronie, Dodaj do koszyka 
2025-04-15 17:12,brak na stronie,brak na stronie, Dodaj do koszyka 
2025-04-15 22:13,brak na stronie,brak na stronie, Dodaj do koszyka 
2025-04-16 12:26,brak na stronie,brak na stronie, Dodaj do koszyka 
2025-04-16 17:12,brak na stronie,brak na stronie, Dodaj do koszyka 
2025-04-16 22:12,brak na stronie,brak na stronie, Dodaj do koszyka 
2025-04-17 12:26,brak na stronie,brak na stronie, Dodaj do koszyka 
2025-04-17 17:11,brak na stronie,brak na stronie, Dodaj do koszyka 
2025-04-17 22:12,brak na stronie,brak na stronie, Dodaj do koszyka 
2025-04-18 12:25,brak na stronie,brak na stronie, Dodaj do koszyka 
2025-04-18 17:11,brak na stronie,brak na stronie, Dodaj do koszyka 
2025-04-18 22:12,brak na stronie,brak na stronie, Dodaj do koszyka 
2025-04-19 12:22,brak na stronie,brak na stronie, Dodaj do koszyka 
2025-04-19 17:11,brak na stronie,brak na stronie, Dodaj do koszyka 
2025-04-19 22:11,brak na stronie,brak na stronie, Dodaj do koszyka 
2025-04-20 12:22,brak na stronie,brak na stronie, Dodaj do koszyka 
2025-04-20 17:11,brak na stronie,brak na stronie, Dodaj do koszyka 
2025-04-20 22:11,brak na stronie,brak na stronie, Dodaj do koszyka 
2025-04-21 12:25,brak na stronie,brak na stronie, Dodaj do koszyka 
2025-04-21 17:11,brak na stronie,brak na stronie, Dodaj do koszyka 
2025-04-21 22:13,brak na stronie,brak na stronie, Dodaj do koszyka 
2025-04-22 12:26,brak na stronie,brak na stronie, Dodaj do koszyka 
2025-04-22 17:12,brak na stronie,brak na stronie, Dodaj do koszyka 
2025-04-22 22:12,brak na stronie,brak na stronie, Dodaj do koszyka 
2025-04-23 12:26,brak na stronie,brak na stronie, Dodaj do koszyka 
2025-04-23 17:12,brak na stronie,brak na stronie, Dodaj do koszyka 
2025-04-23 22:13,brak na stronie,brak na stronie, Dodaj do koszyka 
2025-04-24 12:27,brak na stronie,brak na stronie, Dodaj do koszyka 
2025-04-24 17:11,brak na stronie,brak na stronie, Dodaj do koszyka 
2025-04-24 22:12,brak na stronie,brak na stronie, Dodaj do koszyka 
2025-04-25 12:26,brak na stronie,brak na stronie, Dodaj do koszyka 
2025-04-25 17:11,brak na stronie,brak na stronie, Dodaj do koszyka 
2025-04-25 22:12,brak na stronie,brak na stronie, Dodaj do koszyka 
2025-04-26 12:22,brak na stronie,brak na stronie, Dodaj do koszyka 
2025-04-26 17:10,brak na stronie,brak na stronie, Dodaj do koszyka 
2025-04-26 22:11,brak na stronie,brak na stronie, Dodaj do koszyka 
2025-04-27 12:23,brak na stronie,brak na stronie, Dodaj do koszyka 
2025-04-27 17:12,brak na stronie,brak na stronie, Dodaj do koszyka 
