2024-06-16 19:09,,,strona niedostępna
2024-06-16 19:34,,,strona niedostępna
2024-06-16 19:34,,,strona niedostępna
2024-06-16 22:08,,,strona niedostępna
2024-06-17 12:14,,,strona niedostępna
2024-06-17 17:07,,,strona niedostępna
2024-06-17 22:07,,,strona niedostępna
2024-06-18 12:14,,,strona niedostępna
2024-06-18 17:07,,,strona niedostępna
2024-06-18 22:07,,,strona niedostępna
2024-06-19 12:14,,,strona niedostępna
2024-06-19 17:08,,,strona niedostępna
2024-06-19 22:08,,,strona niedostępna
2024-06-20 07:43,,,strona niedostępna
2024-06-20 07:44,,,strona niedostępna
2024-06-20 07:51,,,strona niedostępna
2024-06-20 08:12,,,strona niedostępna
2024-06-20 10:02,,,strona niedostępna
2024-06-20 10:13,,,strona niedostępna
2024-06-20 10:14,,,strona niedostępna
2024-06-20 12:19,,,strona niedostępna
2024-06-20 17:09,,,strona niedostępna
2024-06-20 22:09,,,strona niedostępna
2024-06-21 12:18,,,strona niedostępna
2024-06-21 17:11,,,strona niedostępna
2024-06-21 22:10,,,strona niedostępna
2024-06-22 12:17,,,strona niedostępna
2024-06-22 17:08,,,strona niedostępna
2024-06-22 22:09,,,strona niedostępna
2024-06-23 12:18,,,strona niedostępna
2024-06-23 17:08,,,strona niedostępna
2024-06-23 22:09,,,strona niedostępna
2024-06-24 12:20,,,strona niedostępna
2024-06-24 17:09,,,strona niedostępna
2024-06-24 22:11,,,strona niedostępna
2024-06-25 12:19,,,strona niedostępna
2024-06-25 17:10,,,strona niedostępna
2024-06-25 22:09,,,strona niedostępna
2024-06-26 12:20,,,strona niedostępna
2024-06-26 17:09,,,strona niedostępna
2024-06-26 22:10,,,strona niedostępna
2024-06-27 12:19,,,strona niedostępna
2024-06-27 17:11,,,strona niedostępna
2024-06-27 22:10,,,strona niedostępna
2024-06-28 12:19,,,strona niedostępna
2024-06-28 17:10,,,strona niedostępna
2024-06-28 22:09,,,strona niedostępna
2024-06-29 12:19,,,strona niedostępna
2024-06-29 17:09,,,strona niedostępna
2024-06-29 22:11,,,strona niedostępna
2024-06-30 12:18,,,strona niedostępna
2024-06-30 17:09,,,strona niedostępna
2024-06-30 22:09,,,strona niedostępna
2024-07-01 12:21,,,strona niedostępna
2024-07-01 17:10,,,strona niedostępna
2024-07-01 22:10,,,strona niedostępna
2024-07-02 12:19,,,strona niedostępna
2024-07-02 17:10,,,strona niedostępna
2024-07-02 22:10,,,strona niedostępna
2024-07-03 12:20,,,strona niedostępna
2024-07-03 17:10,,,strona niedostępna
2024-07-03 22:10,,,strona niedostępna
2024-07-04 12:19,,,strona niedostępna
2024-07-04 17:10,,,strona niedostępna
2024-07-04 22:10,,,strona niedostępna
2024-07-05 12:19,,,strona niedostępna
2024-07-05 17:10,,,strona niedostępna
2024-07-05 22:11,,,strona niedostępna
2024-07-06 12:17,,,strona niedostępna
2024-07-06 17:08,,,strona niedostępna
2024-07-06 22:10,,,strona niedostępna
2024-07-07 12:18,,,strona niedostępna
2024-07-07 17:09,,,strona niedostępna
2024-07-07 22:10,,,strona niedostępna
2024-07-08 12:20,,,strona niedostępna
2024-07-08 17:09,,,strona niedostępna
2024-07-08 22:11,,,strona niedostępna
2024-07-09 12:21,,,strona niedostępna
2024-07-09 17:10,,,strona niedostępna
2024-07-09 22:11,,,strona niedostępna
2024-07-10 12:20,,,strona niedostępna
2024-07-10 17:09,,,strona niedostępna
2024-07-10 22:10,,,strona niedostępna
2024-07-11 12:20,,,strona niedostępna
2024-07-11 17:10,,,strona niedostępna
2024-07-11 22:10,,,strona niedostępna
2024-07-12 12:20,,,strona niedostępna
2024-07-12 17:10,,,strona niedostępna
2024-07-12 22:09,,,strona niedostępna
2024-07-13 12:17,,,strona niedostępna
2024-07-13 17:08,,,strona niedostępna
2024-07-13 22:09,,,strona niedostępna
2024-07-14 12:28,,,strona niedostępna
2024-07-14 17:15,,,strona niedostępna
2024-07-14 22:10,,,strona niedostępna
2024-07-15 12:20,,,strona niedostępna
2024-07-15 17:10,,,strona niedostępna
2024-07-15 22:10,,,strona niedostępna
2024-07-16 12:21,,,strona niedostępna
2024-07-16 17:09,,,strona niedostępna
2024-07-16 22:10,,,strona niedostępna
2024-07-17 12:20,,,strona niedostępna
2024-07-17 17:09,,,strona niedostępna
2024-07-17 22:10,,,strona niedostępna
2024-07-18 12:20,,,strona niedostępna
2024-07-18 17:10,,,strona niedostępna
2024-07-18 22:09,,,strona niedostępna
2024-07-19 12:19,,,strona niedostępna
2024-07-19 17:10,,,strona niedostępna
2024-07-19 22:11,,,strona niedostępna
2024-07-20 12:18,,,strona niedostępna
2024-07-20 17:09,,,strona niedostępna
2024-07-20 22:10,,,strona niedostępna
2024-07-21 12:19,,,strona niedostępna
2024-07-21 17:08,,,strona niedostępna
2024-07-21 22:10,,,strona niedostępna
2024-07-22 12:20,,,strona niedostępna
2024-07-22 17:10,,,strona niedostępna
2024-07-22 22:10,,,strona niedostępna
2024-07-23 12:20,,,strona niedostępna
2024-07-23 17:10,,,strona niedostępna
2024-07-23 22:11,,,strona niedostępna
2024-07-24 12:19,,,strona niedostępna
2024-07-24 17:09,,,strona niedostępna
2024-07-24 22:10,,,strona niedostępna
2024-07-25 12:20,,,strona niedostępna
2024-07-25 17:09,,,strona niedostępna
2024-07-25 22:11,,,strona niedostępna
2024-07-26 12:19,,,strona niedostępna
2024-07-26 17:10,,,strona niedostępna
2024-07-26 22:11,,,strona niedostępna
2024-07-27 12:20,,,strona niedostępna
2024-07-27 17:09,,,strona niedostępna
2024-07-27 22:09,,,strona niedostępna
2024-07-28 12:18,,,strona niedostępna
2024-07-28 17:09,,,strona niedostępna
2024-07-28 22:10,,,strona niedostępna
2024-07-29 12:20,,,strona niedostępna
2024-07-29 17:10,,,strona niedostępna
2024-07-29 22:12,,,strona niedostępna
2024-07-30 12:20,,,strona niedostępna
2024-07-30 17:09,,,strona niedostępna
2024-07-30 22:09,,,strona niedostępna
2024-07-31 12:21,,,strona niedostępna
2024-07-31 17:12,,,strona niedostępna
2024-07-31 22:10,,,strona niedostępna
2024-08-01 12:20,,,strona niedostępna
2024-08-01 17:11,,,strona niedostępna
2024-08-01 22:09,,,strona niedostępna
2024-08-02 12:19,,,strona niedostępna
2024-08-02 17:10,,,strona niedostępna
2024-08-02 22:11,,,strona niedostępna
2024-08-03 12:18,,,strona niedostępna
2024-08-03 17:09,,,strona niedostępna
2024-08-03 22:09,,,strona niedostępna
2024-08-04 12:18,,,strona niedostępna
2024-08-04 17:09,,,strona niedostępna
2024-08-04 22:11,,,strona niedostępna
2024-08-05 12:21,,,strona niedostępna
2024-08-05 17:10,,,strona niedostępna
2024-08-05 22:10,,,strona niedostępna
2024-08-06 12:20,,,strona niedostępna
2024-08-06 17:11,,,strona niedostępna
2024-08-06 22:10,brak na stronie,brak na stronie,nie dostępny
2024-08-07 12:20,,,strona niedostępna
2024-08-07 17:11,,,strona niedostępna
2024-08-07 22:10,,,strona niedostępna
2024-08-08 12:20,,,strona niedostępna
2024-08-08 17:09,,,strona niedostępna
2024-08-08 22:10,,,strona niedostępna
2024-08-09 12:20,,,strona niedostępna
2024-08-09 17:10,,,strona niedostępna
2024-08-09 22:11,,,strona niedostępna
2024-08-10 12:19,,,strona niedostępna
2024-08-10 17:08,,,strona niedostępna
2024-08-10 22:10,,,strona niedostępna
2024-08-11 12:18,,,strona niedostępna
2024-08-11 17:09,,,strona niedostępna
2024-08-11 22:11,,,strona niedostępna
2024-08-12 12:22,,,strona niedostępna
2024-08-12 17:10,,,strona niedostępna
2024-08-12 22:10,,,strona niedostępna
2024-08-13 12:21,,,strona niedostępna
2024-08-13 17:10,,,strona niedostępna
2024-08-13 22:10,,,strona niedostępna
2024-08-14 12:20,,,strona niedostępna
2024-08-14 17:09,,,strona niedostępna
2024-08-14 22:11,,,strona niedostępna
2024-08-15 12:21,,,strona niedostępna
2024-08-15 17:09,,,strona niedostępna
2024-08-15 22:10,,,strona niedostępna
2024-08-16 12:20,,,strona niedostępna
2024-08-16 17:09,,,strona niedostępna
2024-08-16 22:10,,,strona niedostępna
2024-08-17 12:17,,,strona niedostępna
2024-08-17 17:08,,,strona niedostępna
2024-08-17 22:09,,,strona niedostępna
2024-08-18 12:20,,,strona niedostępna
2024-08-18 17:08,,,strona niedostępna
2024-08-18 22:10,,,strona niedostępna
2024-08-19 12:20,,,strona niedostępna
2024-08-19 17:11,,,strona niedostępna
2024-08-19 22:11,,,strona niedostępna
2024-08-20 12:21,,,strona niedostępna
2024-08-20 17:10,,,strona niedostępna
2024-08-20 22:09,,,strona niedostępna
2024-08-21 12:20,,,strona niedostępna
2024-08-21 17:10,,,strona niedostępna
2024-08-21 22:10,,,strona niedostępna
2024-08-22 12:20,,,strona niedostępna
2024-08-22 17:10,,,strona niedostępna
2024-08-22 22:11,,,strona niedostępna
2024-08-23 12:20,,,strona niedostępna
2024-08-23 17:09,,,strona niedostępna
2024-08-23 22:10,,,strona niedostępna
2024-08-24 12:18,,,strona niedostępna
2024-08-24 17:11,,,strona niedostępna
2024-08-24 22:09,,,strona niedostępna
2024-08-25 12:19,,,strona niedostępna
2024-08-25 17:11,,,strona niedostępna
2024-08-25 22:10,,,strona niedostępna
2024-08-26 12:21,,,strona niedostępna
2024-08-26 17:10,,,strona niedostępna
2024-08-26 22:11,,,strona niedostępna
2024-08-27 12:20,,,strona niedostępna
2024-08-27 17:10,,,strona niedostępna
2024-08-27 22:10,,,strona niedostępna
2024-08-28 12:22,,,strona niedostępna
2024-08-28 17:10,,,strona niedostępna
2024-08-28 22:10,,,strona niedostępna
2024-08-29 12:21,,,strona niedostępna
2024-08-29 17:10,,,strona niedostępna
2024-08-29 22:10,,,strona niedostępna
2024-08-30 12:20,,,strona niedostępna
2024-08-30 17:11,,,strona niedostępna
2024-08-30 22:10,,,strona niedostępna
2024-08-31 12:19,,,strona niedostępna
2024-08-31 17:09,,,strona niedostępna
2024-08-31 22:11,,,strona niedostępna
2024-09-01 12:19,,,strona niedostępna
2024-09-01 17:09,,,strona niedostępna
2024-09-01 22:11,,,strona niedostępna
2024-09-02 12:22,,,strona niedostępna
2024-09-02 17:10,,,strona niedostępna
2024-09-02 22:11,,,strona niedostępna
2024-09-03 12:21,,,strona niedostępna
2024-09-03 17:11,,,strona niedostępna
2024-09-03 22:11,,,strona niedostępna
2024-09-04 12:22,,,strona niedostępna
2024-09-04 17:10,,,strona niedostępna
2024-09-04 22:10,,,strona niedostępna
2024-09-05 12:21,,,strona niedostępna
2024-09-05 17:10,,,strona niedostępna
2024-09-05 22:11,,,strona niedostępna
2024-09-06 12:21,,,strona niedostępna
2024-09-06 17:10,,,strona niedostępna
2024-09-06 22:10,,,strona niedostępna
2024-09-07 12:19,,,strona niedostępna
2024-09-07 17:10,,,strona niedostępna
2024-09-07 22:10,,,strona niedostępna
2024-09-08 12:19,,,strona niedostępna
2024-09-08 17:10,,,strona niedostępna
2024-09-08 22:10,,,strona niedostępna
2024-09-09 12:22,,,strona niedostępna
2024-09-09 17:10,,,strona niedostępna
2024-09-09 22:10,,,strona niedostępna
2024-09-10 12:23,,,strona niedostępna
2024-09-10 17:10,,,strona niedostępna
2024-09-10 22:11,,,strona niedostępna
2024-09-11 12:21,,,strona niedostępna
2024-09-11 17:10,,,strona niedostępna
2024-09-11 22:10,,,strona niedostępna
2024-09-12 12:21,,,strona niedostępna
2024-09-12 17:10,,,strona niedostępna
2024-09-12 22:11,,,strona niedostępna
2024-09-13 12:21,,,strona niedostępna
2024-09-13 17:10,,,strona niedostępna
2024-09-13 22:11,,,strona niedostępna
2024-09-14 12:19,,,strona niedostępna
2024-09-14 17:10,,,strona niedostępna
2024-09-14 22:11,,,strona niedostępna
2024-09-15 12:20,,,strona niedostępna
2024-09-15 17:09,,,strona niedostępna
2024-09-15 22:11,,,strona niedostępna
2024-09-16 12:23,,,strona niedostępna
2024-09-16 17:10,,,strona niedostępna
2024-09-16 22:10,,,strona niedostępna
2024-09-17 12:21,,,strona niedostępna
2024-09-17 17:10,,,strona niedostępna
2024-09-17 22:10,,,strona niedostępna
2024-09-18 12:22,,,strona niedostępna
2024-09-18 17:10,,,strona niedostępna
2024-09-18 22:11,,,strona niedostępna
2024-09-19 12:22,,,strona niedostępna
2024-09-19 17:10,,,strona niedostępna
2024-09-19 22:11,,,strona niedostępna
2024-09-20 12:22,,,strona niedostępna
2024-09-20 17:10,,,strona niedostępna
2024-09-20 22:12,,,strona niedostępna
2024-09-21 12:19,,,strona niedostępna
2024-09-21 17:11,,,strona niedostępna
2024-09-21 22:10,,,strona niedostępna
2024-09-22 12:20,,,strona niedostępna
2024-09-22 17:10,,,strona niedostępna
2024-09-22 22:11,,,strona niedostępna
2024-09-23 12:23,,,strona niedostępna
2024-09-23 17:11,,,strona niedostępna
2024-09-23 22:12,,,strona niedostępna
2024-09-24 12:23,,,strona niedostępna
2024-09-24 17:11,,,strona niedostępna
2024-09-24 22:11,,,strona niedostępna
2024-09-25 12:23,,,strona niedostępna
2024-09-25 17:10,,,strona niedostępna
2024-09-25 22:11,,,strona niedostępna
2024-09-26 12:23,,,strona niedostępna
2024-09-26 17:12,,,strona niedostępna
2024-09-26 22:11,,,strona niedostępna
2024-09-27 12:23,,,strona niedostępna
2024-09-27 17:11,,,strona niedostępna
2024-09-27 22:11,,,strona niedostępna
2024-09-28 12:20,,,strona niedostępna
2024-09-28 17:09,,,strona niedostępna
2024-09-28 22:10,,,strona niedostępna
2024-09-29 12:20,,,strona niedostępna
2024-09-29 17:09,,,strona niedostępna
2024-09-29 22:10,,,strona niedostępna
2024-09-30 12:25,,,strona niedostępna
2024-09-30 17:11,,,strona niedostępna
2024-09-30 22:11,,,strona niedostępna
2024-10-01 12:23,,,strona niedostępna
2024-10-01 17:10,,,strona niedostępna
2024-10-01 22:11,,,strona niedostępna
2024-10-02 12:23,,,strona niedostępna
2024-10-02 17:10,,,strona niedostępna
2024-10-02 22:12,,,strona niedostępna
2024-10-03 12:22,,,strona niedostępna
2024-10-03 17:10,,,strona niedostępna
2024-10-03 22:11,,,strona niedostępna
2024-10-04 12:22,,,strona niedostępna
2024-10-04 17:10,,,strona niedostępna
2024-10-04 22:11,,,strona niedostępna
2024-10-05 12:21,,,strona niedostępna
2024-10-05 17:10,,,strona niedostępna
2024-10-05 22:11,,,strona niedostępna
2024-10-06 12:20,,,strona niedostępna
2024-10-06 17:10,,,strona niedostępna
2024-10-06 22:10,,,strona niedostępna
2024-10-07 12:24,,,strona niedostępna
2024-10-07 17:11,,,strona niedostępna
2024-10-07 22:11,,,strona niedostępna
2024-10-08 12:23,,,strona niedostępna
2024-10-08 17:11,,,strona niedostępna
2024-10-08 22:11,,,strona niedostępna
2024-10-09 12:22,,,strona niedostępna
2024-10-09 17:10,,,strona niedostępna
2024-10-09 22:11,,,strona niedostępna
2024-10-10 12:22,,,strona niedostępna
2024-10-10 17:11,,,strona niedostępna
2024-10-10 22:11,,,strona niedostępna
2024-10-11 12:22,,,strona niedostępna
2024-10-11 17:10,,,strona niedostępna
2024-10-11 22:10,,,strona niedostępna
2024-10-12 12:20,,,strona niedostępna
2024-10-12 17:09,,,strona niedostępna
2024-10-12 22:10,,,strona niedostępna
2024-10-13 12:20,,,strona niedostępna
2024-10-13 17:09,,,strona niedostępna
2024-10-13 22:10,,,strona niedostępna
2024-10-14 12:23,,,strona niedostępna
2024-10-14 17:10,,,strona niedostępna
2024-10-14 22:13,,,strona niedostępna
2024-10-15 12:23,,,strona niedostępna
2024-10-15 17:11,,,strona niedostępna
2024-10-15 22:11,,,strona niedostępna
2024-10-16 12:23,,,strona niedostępna
2024-10-16 17:11,,,strona niedostępna
2024-10-16 22:11,,,strona niedostępna
2024-10-17 12:23,,,strona niedostępna
2024-10-17 17:10,,,strona niedostępna
2024-10-17 22:11,,,strona niedostępna
2024-10-18 12:22,,,strona niedostępna
2024-10-18 17:11,,,strona niedostępna
2024-10-18 22:11,,,strona niedostępna
2024-10-19 12:21,,,strona niedostępna
2024-10-19 17:10,,,strona niedostępna
2024-10-19 22:11,,,strona niedostępna
2024-10-20 12:22,,,strona niedostępna
2024-10-20 17:10,,,strona niedostępna
2024-10-20 22:11,,,strona niedostępna
2024-10-21 12:23,,,strona niedostępna
2024-10-21 17:11,,,strona niedostępna
2024-10-21 22:11,,,strona niedostępna
2024-10-22 12:23,,,strona niedostępna
2024-10-22 17:11,,,strona niedostępna
2024-10-22 22:12,,,strona niedostępna
2024-10-23 12:23,,,strona niedostępna
2024-10-23 17:11,,,strona niedostępna
2024-10-23 22:11,,,strona niedostępna
2024-10-24 12:23,,,strona niedostępna
2024-10-24 17:10,,,strona niedostępna
2024-10-24 22:11,,,strona niedostępna
2024-10-25 12:23,,,strona niedostępna
2024-10-25 17:11,,,strona niedostępna
2024-10-25 22:11,,,strona niedostępna
2024-10-26 12:21,,,strona niedostępna
2024-10-26 17:10,,,strona niedostępna
2024-10-26 22:10,,,strona niedostępna
2024-10-27 12:21,,,strona niedostępna
2024-10-27 17:10,,,strona niedostępna
2024-10-27 22:11,,,strona niedostępna
2024-10-28 12:24,,,strona niedostępna
2024-10-28 17:11,,,strona niedostępna
2024-10-28 22:11,,,strona niedostępna
2024-10-29 12:23,,,strona niedostępna
2024-10-29 17:11,,,strona niedostępna
2024-10-29 22:11,,,strona niedostępna
2024-10-30 12:24,,,strona niedostępna
2024-10-30 17:11,,,strona niedostępna
2024-10-30 22:11,,,strona niedostępna
2024-10-31 12:23,,,strona niedostępna
2024-10-31 17:12,,,strona niedostępna
2024-10-31 22:11,,,strona niedostępna
2024-11-01 12:22,,,strona niedostępna
2024-11-01 17:11,,,strona niedostępna
2024-11-01 22:11,,,strona niedostępna
2024-11-02 12:21,,,strona niedostępna
2024-11-02 17:10,,,strona niedostępna
2024-11-02 22:11,,,strona niedostępna
2024-11-03 12:20,,,strona niedostępna
2024-11-03 17:10,,,strona niedostępna
2024-11-03 22:12,,,strona niedostępna
2024-11-04 12:24,,,strona niedostępna
2024-11-04 17:11,,,strona niedostępna
2024-11-04 22:11,,,strona niedostępna
2024-11-05 12:21,,,strona niedostępna
2024-11-05 17:12,,,strona niedostępna
2024-11-05 22:11,,,strona niedostępna
2024-11-06 12:23,,,strona niedostępna
2024-11-06 17:09,,,strona niedostępna
2024-11-06 22:12,,,strona niedostępna
2024-11-07 12:22,,,strona niedostępna
2024-11-07 17:10,,,strona niedostępna
2024-11-07 22:11,,,strona niedostępna
2024-11-08 12:22,,,strona niedostępna
2024-11-08 17:10,,,strona niedostępna
2024-11-08 22:11,,,strona niedostępna
2024-11-09 12:20,,,strona niedostępna
2024-11-09 17:09,,,strona niedostępna
2024-11-09 22:10,,,strona niedostępna
2024-11-10 12:20,,,strona niedostępna
2024-11-10 17:09,,,strona niedostępna
2024-11-10 22:10,,,strona niedostępna
2024-11-11 12:23,,,strona niedostępna
2024-11-11 17:10,,,strona niedostępna
2024-11-11 22:11,,,strona niedostępna
2024-11-12 12:23,,,strona niedostępna
2024-11-12 17:10,,,strona niedostępna
2024-11-12 22:11,,,strona niedostępna
2024-11-13 12:23,,,strona niedostępna
2024-11-13 17:10,,,strona niedostępna
2024-11-13 22:11,,,strona niedostępna
2024-11-14 12:24,,,strona niedostępna
2024-11-14 17:11,,,strona niedostępna
2024-11-14 22:11,,,strona niedostępna
2024-11-15 12:24,,,strona niedostępna
2024-11-15 17:11,,,strona niedostępna
2024-11-15 22:12,,,strona niedostępna
2024-11-16 12:21,,,strona niedostępna
2024-11-16 17:09,,,strona niedostępna
2024-11-16 22:11,,,strona niedostępna
2024-11-17 12:21,,,strona niedostępna
2024-11-17 17:10,,,strona niedostępna
2024-11-17 22:11,,,strona niedostępna
2024-11-18 12:25,,,strona niedostępna
2024-11-18 17:11,,,strona niedostępna
2024-11-18 22:11,,,strona niedostępna
2024-11-19 12:24,,,strona niedostępna
2024-11-19 17:11,,,strona niedostępna
2024-11-19 22:11,,,strona niedostępna
2024-11-20 12:24,,,strona niedostępna
2024-11-20 17:11,,,strona niedostępna
2024-11-20 22:11,,,strona niedostępna
2024-11-21 12:24,,,strona niedostępna
2024-11-21 17:11,,,strona niedostępna
2024-11-21 22:11,,,strona niedostępna
2024-11-22 12:24,,,strona niedostępna
2024-11-22 17:12,,,strona niedostępna
2024-11-22 22:11,,,strona niedostępna
2024-11-23 12:21,,,strona niedostępna
2024-11-23 17:10,,,strona niedostępna
2024-11-23 22:11,,,strona niedostępna
2024-11-24 12:21,,,strona niedostępna
2024-11-24 17:10,,,strona niedostępna
2024-11-24 22:11,,,strona niedostępna
2024-11-25 12:25,,,strona niedostępna
2024-11-25 17:11,,,strona niedostępna
2024-11-25 22:12,,,strona niedostępna
2024-11-26 12:25,,,strona niedostępna
2024-11-26 17:11,,,strona niedostępna
2024-11-26 22:11,,,strona niedostępna
2024-11-27 12:25,,,strona niedostępna
2024-11-27 17:11,,,strona niedostępna
2024-11-27 22:12,,,strona niedostępna
2024-11-28 12:25,,,strona niedostępna
2024-11-28 17:11,,,strona niedostępna
2024-11-28 22:12,,,strona niedostępna
2024-11-29 12:24,,,strona niedostępna
2024-11-29 17:11,,,strona niedostępna
2024-11-29 22:11,,,strona niedostępna
2024-11-30 12:22,,,strona niedostępna
2024-11-30 17:09,,,strona niedostępna
2024-11-30 22:11,,,strona niedostępna
2024-12-01 12:23,,,strona niedostępna
2024-12-01 17:10,,,strona niedostępna
2024-12-01 22:11,,,strona niedostępna
2024-12-02 12:26,,,strona niedostępna
2024-12-02 17:11,,,strona niedostępna
2024-12-02 22:12,,,strona niedostępna
2024-12-03 12:25,,,strona niedostępna
2024-12-03 17:12,,,strona niedostępna
2024-12-03 22:12,,,strona niedostępna
2024-12-04 12:25,,,strona niedostępna
2024-12-04 17:11,,,strona niedostępna
2024-12-04 22:12,,,strona niedostępna
2024-12-05 12:25,,,strona niedostępna
2024-12-05 17:11,,,strona niedostępna
2024-12-05 22:12,,,strona niedostępna
2024-12-06 12:25,,,strona niedostępna
2024-12-06 17:12,,,strona niedostępna
2024-12-06 22:12,,,strona niedostępna
2024-12-07 12:22,,,strona niedostępna
2024-12-07 17:10,,,strona niedostępna
2024-12-07 22:11,,,strona niedostępna
2024-12-08 12:23,,,strona niedostępna
2024-12-08 17:10,,,strona niedostępna
2024-12-08 22:11,,,strona niedostępna
2024-12-09 12:27,,,strona niedostępna
2024-12-09 17:11,,,strona niedostępna
2024-12-09 22:12,,,strona niedostępna
2024-12-10 12:26,,,strona niedostępna
2024-12-10 17:11,358.65,brak na stronie, Dodaj do koszyka 
2024-12-10 22:12,358.53,brak na stronie, Dodaj do koszyka 
2024-12-11 12:26,359.51,brak na stronie, Dodaj do koszyka 
2024-12-11 17:11,363.44,brak na stronie, Dodaj do koszyka 
2024-12-11 22:12,363.95,brak na stronie, Dodaj do koszyka 
2024-12-12 12:26,363.28,brak na stronie, Dodaj do koszyka 
2024-12-12 17:11,358.79,brak na stronie, Dodaj do koszyka 
2024-12-12 22:12,360.11,brak na stronie, Dodaj do koszyka 
2024-12-13 12:25,357.03,brak na stronie, Dodaj do koszyka 
2024-12-13 17:11,355.40,brak na stronie, Dodaj do koszyka 
2024-12-13 22:11,353.51,brak na stronie, Dodaj do koszyka 
2024-12-14 12:22,353.51,brak na stronie, Dodaj do koszyka 
2024-12-14 17:10,353.51,brak na stronie, Dodaj do koszyka 
2024-12-14 22:11,353.51,brak na stronie, Dodaj do koszyka 
2024-12-15 12:23,353.51,brak na stronie, Dodaj do koszyka 
2024-12-15 17:10,353.51,brak na stronie, Dodaj do koszyka 
2024-12-15 22:11,354.26,brak na stronie, Dodaj do koszyka 
2024-12-16 12:26,355.65,brak na stronie, Dodaj do koszyka 
2024-12-16 17:11,353.10,brak na stronie, Dodaj do koszyka 
2024-12-16 22:11,353.50,brak na stronie, Dodaj do koszyka 
2024-12-17 12:26,352.87,brak na stronie, Dodaj do koszyka 
2024-12-17 17:12,352.30,brak na stronie, Dodaj do koszyka 
2024-12-17 22:12,354.35,brak na stronie, Dodaj do koszyka 
2024-12-18 12:24,352.98,brak na stronie, Dodaj do koszyka 
2024-12-18 17:11,353.14,brak na stronie, Dodaj do koszyka 
2024-12-18 22:12,350.69,brak na stronie, Dodaj do koszyka 
2024-12-19 12:24,350.92,brak na stronie, Dodaj do koszyka 
2024-12-19 17:10,350.35,brak na stronie, Dodaj do koszyka 
2024-12-19 22:11,350.68,brak na stronie, Dodaj do koszyka 
2024-12-20 12:22,351.18,brak na stronie, Dodaj do koszyka 
2024-12-20 17:10,353.05,brak na stronie, Dodaj do koszyka 
2024-12-20 22:11,352.70,brak na stronie, Dodaj do koszyka 
2024-12-21 12:21,352.70,brak na stronie, Dodaj do koszyka 
2024-12-21 17:10,352.70,brak na stronie, Dodaj do koszyka 
2024-12-21 22:10,352.70,brak na stronie, Dodaj do koszyka 
2024-12-22 12:20,352.70,brak na stronie, Dodaj do koszyka 
2024-12-22 17:10,352.70,brak na stronie, Dodaj do koszyka 
2024-12-22 22:10,353.31,brak na stronie, Dodaj do koszyka 
2024-12-23 12:23,354.01,brak na stronie, Dodaj do koszyka 
2024-12-23 17:11,352.30,brak na stronie, Dodaj do koszyka 
2024-12-23 22:11,352.47,brak na stronie, Dodaj do koszyka 
2024-12-24 12:23,353.28,brak na stronie, Dodaj do koszyka 
2024-12-24 17:10,352.70,brak na stronie, Dodaj do koszyka 
2024-12-24 22:11,353.23,brak na stronie, Dodaj do koszyka 
2024-12-25 12:22,352.70,brak na stronie, Dodaj do koszyka 
2024-12-25 17:11,352.70,brak na stronie, Dodaj do koszyka 
2024-12-25 22:10,352.36,brak na stronie, Dodaj do koszyka 
2024-12-26 12:23,354.17,brak na stronie, Dodaj do koszyka 
2024-12-26 17:10,353.98,brak na stronie, Dodaj do koszyka 
2024-12-26 22:11,354.93,brak na stronie, Dodaj do koszyka 
2024-12-27 12:22,354.51,brak na stronie, Dodaj do koszyka 
2024-12-27 17:10,352.49,brak na stronie, Dodaj do koszyka 
2024-12-27 22:10,352.99,brak na stronie, Dodaj do koszyka 
2024-12-28 12:20,352.99,brak na stronie, Dodaj do koszyka 
2024-12-28 17:09,352.99,brak na stronie, Dodaj do koszyka 
2024-12-28 22:10,352.99,brak na stronie, Dodaj do koszyka 
2024-12-29 12:20,352.99,brak na stronie, Dodaj do koszyka 
2024-12-29 17:10,352.99,brak na stronie, Dodaj do koszyka 
2024-12-29 22:10,352.60,brak na stronie, Dodaj do koszyka 
2024-12-30 12:23,351.14,brak na stronie, Dodaj do koszyka 
2024-12-30 17:10,352.11,brak na stronie, Dodaj do koszyka 
2024-12-30 22:11,352.48,brak na stronie, Dodaj do koszyka 
2024-12-31 12:22,352.51,brak na stronie, Dodaj do koszyka 
2024-12-31 17:10,356.75,brak na stronie, Dodaj do koszyka 
2024-12-31 22:10,356.58,brak na stronie, Dodaj do koszyka 
2025-01-01 12:22,356.62,brak na stronie, Dodaj do koszyka 
2025-01-01 17:10,356.62,brak na stronie, Dodaj do koszyka 
2025-01-01 22:11,356.94,brak na stronie, Dodaj do koszyka 
2025-01-02 12:23,359.36,brak na stronie, Dodaj do koszyka 
2025-01-02 17:10,363.96,brak na stronie, Dodaj do koszyka 
2025-01-02 22:11,364.07,brak na stronie, Dodaj do koszyka 
2025-01-03 12:22,362.70,brak na stronie, Dodaj do koszyka 
2025-01-03 17:10,360.18,brak na stronie, Dodaj do koszyka 
2025-01-03 22:11,359.84,brak na stronie, Dodaj do koszyka 
2025-01-04 12:21,359.84,brak na stronie, Dodaj do koszyka 
2025-01-04 17:09,359.84,brak na stronie, Dodaj do koszyka 
2025-01-04 22:10,359.84,brak na stronie, Dodaj do koszyka 
2025-01-05 12:21,359.84,brak na stronie, Dodaj do koszyka 
2025-01-05 17:09,359.84,brak na stronie, Dodaj do koszyka 
2025-01-05 22:10,360.46,brak na stronie, Dodaj do koszyka 
2025-01-06 12:24,355.41,brak na stronie, Dodaj do koszyka 
2025-01-06 17:10,355.45,brak na stronie, Dodaj do koszyka 
2025-01-06 22:11,355.28,brak na stronie, Dodaj do koszyka 
2025-01-07 12:24,356.12,brak na stronie, Dodaj do koszyka 
2025-01-07 17:11,358.86,brak na stronie, Dodaj do koszyka 
2025-01-07 22:11,359.02,brak na stronie, Dodaj do koszyka 
2025-01-08 12:24,362.02,brak na stronie, Dodaj do koszyka 
2025-01-08 17:10,363.85,brak na stronie, Dodaj do koszyka 
2025-01-08 22:11,362.90,brak na stronie, Dodaj do koszyka 
2025-01-09 12:24,364.53,brak na stronie, Dodaj do koszyka 
2025-01-09 17:10,362.64,brak na stronie, Dodaj do koszyka 
2025-01-09 22:11,363.61,brak na stronie, Dodaj do koszyka 
2025-01-10 12:23,364.89,brak na stronie, Dodaj do koszyka 
2025-01-10 17:10,369.41,brak na stronie, Dodaj do koszyka 
2025-01-10 22:11,368.62,brak na stronie, Dodaj do koszyka 
2025-01-11 12:21,368.62,brak na stronie, Dodaj do koszyka 
2025-01-11 17:10,368.62,brak na stronie, Dodaj do koszyka 
2025-01-11 22:10,368.62,brak na stronie, Dodaj do koszyka 
2025-01-12 12:21,368.62,brak na stronie, Dodaj do koszyka 
2025-01-12 17:09,368.62,brak na stronie, Dodaj do koszyka 
2025-01-12 22:10,369.49,brak na stronie, Dodaj do koszyka 
2025-01-13 12:24,369.79,brak na stronie, Dodaj do koszyka 
2025-01-13 17:11,366.00,brak na stronie, Dodaj do koszyka 
2025-01-13 22:11,365.13,brak na stronie, Dodaj do koszyka 
2025-01-14 12:22,366.38,brak na stronie, Dodaj do koszyka 
2025-01-14 17:10,364.16,brak na stronie, Dodaj do koszyka 
2025-01-14 22:11,364.75,brak na stronie, Dodaj do koszyka 
2025-01-15 12:22,365.33,brak na stronie, Dodaj do koszyka 
2025-01-15 17:10,366.09,brak na stronie, Dodaj do koszyka 
2025-01-15 22:11,367.13,brak na stronie, Dodaj do koszyka 
2025-01-16 12:22,368.90,brak na stronie, Dodaj do koszyka 
2025-01-16 17:11,370.50,brak na stronie, Dodaj do koszyka 
2025-01-16 22:11,369.64,brak na stronie, Dodaj do koszyka 
2025-01-17 12:21,368.49,brak na stronie, Dodaj do koszyka 
2025-01-17 17:10,369.44,brak na stronie, Dodaj do koszyka 
2025-01-17 22:10,368.84,brak na stronie, Dodaj do koszyka 
2025-01-18 12:20,368.84,brak na stronie, Dodaj do koszyka 
2025-01-18 17:09,368.84,brak na stronie, Dodaj do koszyka 
2025-01-18 22:10,368.84,brak na stronie, Dodaj do koszyka 
2025-01-19 12:20,368.84,brak na stronie, Dodaj do koszyka 
2025-01-19 17:09,368.84,brak na stronie, Dodaj do koszyka 
2025-01-19 22:11,368.76,brak na stronie, Dodaj do koszyka 
2025-01-20 12:23,367.31,brak na stronie, Dodaj do koszyka 
2025-01-20 17:10,364.24,brak na stronie, Dodaj do koszyka 
2025-01-20 22:11,364.03,brak na stronie, Dodaj do koszyka 
2025-01-21 12:23,367.91,brak na stronie, Dodaj do koszyka 
2025-01-21 17:11,367.87,brak na stronie, Dodaj do koszyka 
2025-01-21 22:11,368.29,brak na stronie, Dodaj do koszyka 
2025-01-22 12:23,367.31,brak na stronie, Dodaj do koszyka 
2025-01-22 17:11,367.89,brak na stronie, Dodaj do koszyka 
2025-01-22 22:11,368.13,brak na stronie, Dodaj do koszyka 
2025-01-23 12:23,366.30,brak na stronie, Dodaj do koszyka 
2025-01-23 17:11,366.18,brak na stronie, Dodaj do koszyka 
2025-01-23 22:11,366.73,brak na stronie, Dodaj do koszyka 
2025-01-24 12:22,367.13,brak na stronie, Dodaj do koszyka 
2025-01-24 17:10,365.18,brak na stronie, Dodaj do koszyka 
2025-01-24 22:11,365.89,brak na stronie, Dodaj do koszyka 
2025-01-25 12:19,365.89,brak na stronie, Dodaj do koszyka 
2025-01-25 17:09,365.89,brak na stronie, Dodaj do koszyka 
2025-01-25 22:11,365.89,brak na stronie, Dodaj do koszyka 
2025-01-26 12:20,365.89,brak na stronie, Dodaj do koszyka 
2025-01-26 17:10,365.89,brak na stronie, Dodaj do koszyka 
2025-01-26 22:09,365.89,brak na stronie, Dodaj do koszyka 
2025-01-27 12:23,364.85,brak na stronie, Dodaj do koszyka 
2025-01-27 17:10,361.01,brak na stronie, Dodaj do koszyka 
2025-01-27 22:11,362.05,brak na stronie, Dodaj do koszyka 
2025-01-28 12:22,364.63,brak na stronie, Dodaj do koszyka 
2025-01-28 17:10,365.69,brak na stronie, Dodaj do koszyka 
2025-01-28 22:11,366.34,brak na stronie, Dodaj do koszyka 
2025-01-29 12:22,367.42,brak na stronie, Dodaj do koszyka 
2025-01-29 17:11,365.41,brak na stronie, Dodaj do koszyka 
2025-01-29 22:11,366.29,brak na stronie, Dodaj do koszyka 
2025-01-30 12:22,369.53,brak na stronie, Dodaj do koszyka 
2025-01-30 17:10,369.97,brak na stronie, Dodaj do koszyka 
2025-01-30 22:11,371.92,brak na stronie, Dodaj do koszyka 
2025-01-31 12:22,374.82,brak na stronie, Dodaj do koszyka 
2025-01-31 17:10,374.45,brak na stronie, Dodaj do koszyka 
2025-01-31 22:11,374.55,brak na stronie, Dodaj do koszyka 
2025-02-01 12:20,374.55,brak na stronie, Dodaj do koszyka 
2025-02-01 17:10,374.55,brak na stronie, Dodaj do koszyka 
2025-02-01 22:11,374.55,brak na stronie, Dodaj do koszyka 
2025-02-02 12:19,374.55,brak na stronie, Dodaj do koszyka 
2025-02-02 17:10,374.55,brak na stronie, Dodaj do koszyka 
2025-02-02 22:10,378.00,brak na stronie, Dodaj do koszyka 
2025-02-03 12:22,379.88,brak na stronie, Dodaj do koszyka 
2025-02-03 17:10,381.20,brak na stronie, Dodaj do koszyka 
2025-02-03 22:11,378.82,brak na stronie, Dodaj do koszyka 
2025-02-04 12:23,379.20,brak na stronie, Dodaj do koszyka 
2025-02-04 17:11,379.27,brak na stronie, Dodaj do koszyka 
2025-02-04 22:11,379.47,brak na stronie, Dodaj do koszyka 
2025-02-05 12:23,380.15,brak na stronie, Dodaj do koszyka 
2025-02-05 17:10,381.18,brak na stronie, Dodaj do koszyka 
2025-02-05 22:11,380.77,brak na stronie, Dodaj do koszyka 
2025-02-06 12:23,382.63,brak na stronie, Dodaj do koszyka 
2025-02-06 17:10,378.78,brak na stronie, Dodaj do koszyka 
2025-02-06 22:11,379.10,brak na stronie, Dodaj do koszyka 
2025-02-07 12:22,380.55,brak na stronie, Dodaj do koszyka 
2025-02-07 17:10,382.14,brak na stronie, Dodaj do koszyka 
2025-02-07 22:11,382.30,brak na stronie, Dodaj do koszyka 
2025-02-08 12:20,382.30,brak na stronie, Dodaj do koszyka 
2025-02-08 17:09,382.30,brak na stronie, Dodaj do koszyka 
2025-02-08 22:09,382.30,brak na stronie, Dodaj do koszyka 
2025-02-09 12:20,382.30,brak na stronie, Dodaj do koszyka 
2025-02-09 17:09,382.30,brak na stronie, Dodaj do koszyka 
2025-02-09 22:11,383.79,brak na stronie, Dodaj do koszyka 
2025-02-10 12:23,387.47,brak na stronie, Dodaj do koszyka 
2025-02-10 17:10,387.09,brak na stronie, Dodaj do koszyka 
2025-02-10 22:11,388.46,brak na stronie, Dodaj do koszyka 
2025-02-11 12:23,385.90,brak na stronie, Dodaj do koszyka 
2025-02-11 17:11,384.60,brak na stronie, Dodaj do koszyka 
2025-02-11 22:11,383.90,brak na stronie, Dodaj do koszyka 
2025-02-12 12:23,381.02,brak na stronie, Dodaj do koszyka 
2025-02-12 17:11,382.54,brak na stronie, Dodaj do koszyka 
2025-02-12 22:11,383.20,brak na stronie, Dodaj do koszyka 
2025-02-13 12:23,385.33,brak na stronie, Dodaj do koszyka 
2025-02-13 17:08,383.78,brak na stronie, Dodaj do koszyka 
2025-02-13 22:11,384.09,brak na stronie, Dodaj do koszyka 
2025-02-14 12:23,383.75,brak na stronie, Dodaj do koszyka 
2025-02-14 17:10,377.26,brak na stronie, Dodaj do koszyka 
2025-02-14 22:11,376.43,brak na stronie, Dodaj do koszyka 
2025-02-15 12:20,376.43,brak na stronie, Dodaj do koszyka 
2025-02-15 17:10,376.43,brak na stronie, Dodaj do koszyka 
2025-02-15 22:10,376.43,brak na stronie, Dodaj do koszyka 
2025-02-16 12:23,376.43,brak na stronie, Dodaj do koszyka 
2025-02-16 17:10,376.43,brak na stronie, Dodaj do koszyka 
2025-02-16 22:10,377.50,brak na stronie, Dodaj do koszyka 
2025-02-17 12:24,378.01,brak na stronie, Dodaj do koszyka 
2025-02-17 17:10,378.27,brak na stronie, Dodaj do koszyka 
2025-02-17 22:11,378.50,brak na stronie, Dodaj do koszyka 
2025-02-18 12:23,381.64,brak na stronie, Dodaj do koszyka 
2025-02-18 17:11,383.23,brak na stronie, Dodaj do koszyka 
2025-02-18 22:11,383.49,brak na stronie, Dodaj do koszyka 
2025-02-19 12:21,386.41,brak na stronie, Dodaj do koszyka 
2025-02-19 17:11,386.66,brak na stronie, Dodaj do koszyka 
2025-02-19 22:11,386.84,brak na stronie, Dodaj do koszyka 
2025-02-20 12:24,386.30,brak na stronie, Dodaj do koszyka 
2025-02-20 17:11,384.58,brak na stronie, Dodaj do koszyka 
2025-02-20 22:11,383.60,brak na stronie, Dodaj do koszyka 
2025-02-21 12:23,384.09,brak na stronie, Dodaj do koszyka 
2025-02-21 17:10,384.21,brak na stronie, Dodaj do koszyka 
2025-02-21 22:11,384.41,brak na stronie, Dodaj do koszyka 
2025-02-22 12:20,384.41,brak na stronie, Dodaj do koszyka 
2025-02-22 17:10,384.41,brak na stronie, Dodaj do koszyka 
2025-02-22 22:10,384.41,brak na stronie, Dodaj do koszyka 
2025-02-23 12:20,384.41,brak na stronie, Dodaj do koszyka 
2025-02-23 17:10,384.41,brak na stronie, Dodaj do koszyka 
2025-02-23 22:10,384.40,brak na stronie, Dodaj do koszyka 
2025-02-24 12:24,383.91,brak na stronie, Dodaj do koszyka 
2025-02-24 17:11,382.47,brak na stronie, Dodaj do koszyka 
2025-02-24 22:11,384.81,brak na stronie, Dodaj do koszyka 
2025-02-25 12:24,381.52,brak na stronie, Dodaj do koszyka 
2025-02-25 17:13,375.97,brak na stronie, Dodaj do koszyka 
2025-02-25 22:11,377.76,brak na stronie, Dodaj do koszyka 
2025-02-26 12:24,378.32,brak na stronie, Dodaj do koszyka 
2025-02-26 17:11,376.78,brak na stronie, Dodaj do koszyka 
2025-02-26 22:11,378.85,brak na stronie, Dodaj do koszyka 
2025-02-27 12:24,374.17,brak na stronie, Dodaj do koszyka 
2025-02-27 17:11,377.93,brak na stronie, Dodaj do koszyka 
2025-02-27 22:13,379.05,brak na stronie, Dodaj do koszyka 
2025-02-28 12:23,375.49,brak na stronie, Dodaj do koszyka 
2025-02-28 17:11,373.91,brak na stronie, Dodaj do koszyka 
2025-02-28 22:11,380.20,brak na stronie, Dodaj do koszyka 
2025-03-01 12:21,380.20,brak na stronie, Dodaj do koszyka 
2025-03-01 17:10,380.20,brak na stronie, Dodaj do koszyka 
2025-03-01 22:10,380.20,brak na stronie, Dodaj do koszyka 
2025-03-02 12:21,380.20,brak na stronie, Dodaj do koszyka 
2025-03-02 17:10,380.20,brak na stronie, Dodaj do koszyka 
2025-03-02 22:11,378.72,brak na stronie, Dodaj do koszyka 
2025-03-03 12:24,377.12,brak na stronie, Dodaj do koszyka 
2025-03-03 17:11,376.94,brak na stronie, Dodaj do koszyka 
2025-03-03 22:11,377.50,brak na stronie, Dodaj do koszyka 
2025-03-04 12:24,378.87,brak na stronie, Dodaj do koszyka 
2025-03-04 17:12,380.42,brak na stronie, Dodaj do koszyka 
2025-03-04 22:11,376.71,brak na stronie, Dodaj do koszyka 
2025-03-05 12:24,371.94,brak na stronie, Dodaj do koszyka 
2025-03-05 17:11,370.45,brak na stronie, Dodaj do koszyka 
2025-03-05 22:12,369.90,brak na stronie, Dodaj do koszyka 
2025-03-06 12:24,368.76,brak na stronie, Dodaj do koszyka 
2025-03-06 17:11,369.95,brak na stronie, Dodaj do koszyka 
2025-03-06 22:12,370.81,brak na stronie, Dodaj do koszyka 
2025-03-07 12:23,369.69,brak na stronie, Dodaj do koszyka 
2025-03-07 17:10,368.57,brak na stronie, Dodaj do koszyka 
2025-03-07 22:10,368.51,brak na stronie, Dodaj do koszyka 
2025-03-08 12:17,368.51,brak na stronie, Dodaj do koszyka 
2025-03-08 17:10,368.51,brak na stronie, Dodaj do koszyka 
2025-03-08 22:09,368.51,brak na stronie, Dodaj do koszyka 
2025-03-09 12:17,368.51,brak na stronie, Dodaj do koszyka 
2025-03-09 17:08,368.51,brak na stronie, Dodaj do koszyka 
2025-03-09 22:10,368.66,brak na stronie, Dodaj do koszyka 
2025-03-10 12:25,369.01,brak na stronie, Dodaj do koszyka 
2025-03-10 17:12,368.82,brak na stronie, Dodaj do koszyka 
2025-03-10 22:12,368.39,brak na stronie, Dodaj do koszyka 
2025-03-11 12:25,367.96,brak na stronie, Dodaj do koszyka 
2025-03-11 17:12,368.90,brak na stronie, Dodaj do koszyka 
2025-03-11 22:11,369.24,brak na stronie, Dodaj do koszyka 
2025-03-12 12:24,368.46,brak na stronie, Dodaj do koszyka 
2025-03-12 17:11,371.30,brak na stronie, Dodaj do koszyka 
2025-03-12 22:12,371.46,brak na stronie, Dodaj do koszyka 
2025-03-13 12:25,374.90,brak na stronie, Dodaj do koszyka 
2025-03-13 17:10,377.36,brak na stronie, Dodaj do koszyka 
2025-03-13 22:11,379.16,brak na stronie, Dodaj do koszyka 
2025-03-14 12:24,376.92,brak na stronie, Dodaj do koszyka 
2025-03-14 17:10,377.62,brak na stronie, Dodaj do koszyka 
2025-03-14 22:11,378.70,brak na stronie, Dodaj do koszyka 
2025-03-15 12:21,378.70,brak na stronie, Dodaj do koszyka 
2025-03-15 17:10,378.70,brak na stronie, Dodaj do koszyka 
2025-03-15 22:11,378.70,brak na stronie, Dodaj do koszyka 
2025-03-16 12:21,378.70,brak na stronie, Dodaj do koszyka 
2025-03-16 17:10,378.70,brak na stronie, Dodaj do koszyka 
2025-03-16 22:11,378.26,brak na stronie, Dodaj do koszyka 
2025-03-17 12:26,377.56,brak na stronie, Dodaj do koszyka 
2025-03-17 17:11,377.33,brak na stronie, Dodaj do koszyka 
2025-03-17 22:12,378.17,brak na stronie, Dodaj do koszyka 
2025-03-18 12:25,380.35,brak na stronie, Dodaj do koszyka 
2025-03-18 17:11,380.35,brak na stronie, Dodaj do koszyka 
2025-03-18 22:12,380.35,brak na stronie, Dodaj do koszyka 
2025-03-19 12:25,,,strona niedostępna
2025-03-19 17:12,,,strona niedostępna
2025-03-19 22:12,,,strona niedostępna
2025-03-20 12:24,,,strona niedostępna
2025-03-20 17:11,386.20,brak na stronie, Dodaj do koszyka 
2025-03-20 22:11,386.78,brak na stronie, Dodaj do koszyka 
2025-03-21 12:24,385.89,brak na stronie, Dodaj do koszyka 
2025-03-21 17:11,384.72,brak na stronie, Dodaj do koszyka 
2025-03-21 22:12,386.12,brak na stronie, Dodaj do koszyka 
2025-03-22 12:21,386.12,brak na stronie, Dodaj do koszyka 
2025-03-22 17:09,386.12,brak na stronie, Dodaj do koszyka 
2025-03-22 22:11,386.12,brak na stronie, Dodaj do koszyka 
2025-03-23 12:22,386.12,brak na stronie, Dodaj do koszyka 
2025-03-23 17:10,386.12,brak na stronie, Dodaj do koszyka 
2025-03-23 22:12,385.74,brak na stronie, Dodaj do koszyka 
2025-03-24 12:26,384.31,brak na stronie, Dodaj do koszyka 
2025-03-24 17:11,382.14,brak na stronie, Dodaj do koszyka 
2025-03-24 22:12,382.78,brak na stronie, Dodaj do koszyka 
2025-03-25 12:25,,,strona niedostępna
2025-03-25 17:11,,,strona niedostępna
2025-03-25 22:12,,,strona niedostępna
2025-03-26 12:25,,,strona niedostępna
2025-03-26 17:11,,,strona niedostępna
2025-03-26 22:12,,,strona niedostępna
2025-03-27 12:26,,,strona niedostępna
2025-03-27 17:11,,,strona niedostępna
2025-03-27 22:12,,,strona niedostępna
2025-03-28 12:24,,,strona niedostępna
2025-03-28 17:12,,,strona niedostępna
2025-03-28 22:12,,,strona niedostępna
2025-03-29 12:22,,,strona niedostępna
2025-03-29 17:10,,,strona niedostępna
2025-03-29 22:11,,,strona niedostępna
2025-03-30 12:22,,,strona niedostępna
2025-03-30 17:10,,,strona niedostępna
2025-03-30 22:11,,,strona niedostępna
2025-03-31 12:26,,,strona niedostępna
2025-03-31 17:11,,,strona niedostępna
2025-03-31 22:13,,,strona niedostępna
2025-04-01 12:27,,,strona niedostępna
2025-04-01 17:12,,,strona niedostępna
2025-04-01 22:12,,,strona niedostępna
2025-04-02 12:26,,,strona niedostępna
2025-04-02 17:11,,,strona niedostępna
2025-04-02 22:11,,,strona niedostępna
2025-04-03 12:26,,,strona niedostępna
2025-04-03 17:11,,,strona niedostępna
2025-04-03 22:12,,,strona niedostępna
2025-04-04 12:25,,,strona niedostępna
2025-04-04 17:11,,,strona niedostępna
2025-04-04 22:12,,,strona niedostępna
2025-04-05 12:22,,,strona niedostępna
2025-04-05 17:10,,,strona niedostępna
2025-04-05 22:11,,,strona niedostępna
2025-04-06 12:22,,,strona niedostępna
2025-04-06 17:10,,,strona niedostępna
2025-04-06 22:11,,,strona niedostępna
2025-04-07 12:27,,,strona niedostępna
2025-04-07 17:12,,,strona niedostępna
2025-04-07 22:12,,,strona niedostępna
2025-04-08 12:26,,,strona niedostępna
2025-04-08 17:11,,,strona niedostępna
2025-04-08 22:12,,,strona niedostępna
2025-04-09 12:26,,,strona niedostępna
2025-04-09 17:11,,,strona niedostępna
2025-04-09 22:12,,,strona niedostępna
2025-04-10 12:26,,,strona niedostępna
2025-04-10 17:11,,,strona niedostępna
2025-04-10 22:12,,,strona niedostępna
2025-04-11 12:26,,,strona niedostępna
2025-04-11 17:11,,,strona niedostępna
2025-04-11 22:12,,,strona niedostępna
2025-04-12 12:22,,,strona niedostępna
2025-04-12 17:11,,,strona niedostępna
2025-04-12 22:11,,,strona niedostępna
2025-04-13 12:23,,,strona niedostępna
2025-04-13 17:10,,,strona niedostępna
2025-04-13 22:11,,,strona niedostępna
2025-04-14 12:26,,,strona niedostępna
2025-04-14 17:11,,,strona niedostępna
2025-04-14 22:12,,,strona niedostępna
2025-04-15 12:26,,,strona niedostępna
2025-04-15 17:12,,,strona niedostępna
2025-04-15 22:13,,,strona niedostępna
2025-04-16 12:26,,,strona niedostępna
2025-04-16 17:12,,,strona niedostępna
2025-04-16 22:12,,,strona niedostępna
2025-04-17 12:26,,,strona niedostępna
2025-04-17 17:11,,,strona niedostępna
2025-04-17 22:12,,,strona niedostępna
2025-04-18 12:25,,,strona niedostępna
2025-04-18 17:11,,,strona niedostępna
2025-04-18 22:12,,,strona niedostępna
2025-04-19 12:22,,,strona niedostępna
2025-04-19 17:11,,,strona niedostępna
2025-04-19 22:11,,,strona niedostępna
2025-04-20 12:22,,,strona niedostępna
2025-04-20 17:11,,,strona niedostępna
2025-04-20 22:11,,,strona niedostępna
2025-04-21 12:25,,,strona niedostępna
2025-04-21 17:11,,,strona niedostępna
2025-04-21 22:13,,,strona niedostępna
2025-04-22 12:26,,,strona niedostępna
2025-04-22 17:12,,,strona niedostępna
2025-04-22 22:12,,,strona niedostępna
2025-04-23 12:26,,,strona niedostępna
2025-04-23 17:12,,,strona niedostępna
2025-04-23 22:13,,,strona niedostępna
2025-04-24 12:27,,,strona niedostępna
2025-04-24 17:11,,,strona niedostępna
2025-04-24 22:12,,,strona niedostępna
2025-04-25 12:26,,,strona niedostępna
2025-04-25 17:11,,,strona niedostępna
2025-04-25 22:12,,,strona niedostępna
2025-04-26 12:22,,,strona niedostępna
2025-04-26 17:10,,,strona niedostępna
2025-04-26 22:11,,,strona niedostępna
2025-04-27 12:23,,,strona niedostępna
2025-04-27 17:12,,,strona niedostępna
2025-04-27 22:11,,,strona niedostępna
2025-04-28 12:26,,,strona niedostępna
2025-04-28 17:12,,,strona niedostępna
2025-04-28 22:13,,,strona niedostępna
2025-04-29 12:28,,,strona niedostępna
2025-04-29 17:12,,,strona niedostępna
2025-04-29 22:12,,,strona niedostępna
2025-04-30 12:26,,,strona niedostępna
2025-04-30 17:11,,,strona niedostępna
2025-04-30 22:12,,,strona niedostępna
2025-05-01 12:25,,,strona niedostępna
2025-05-01 17:12,,,strona niedostępna
2025-05-01 22:12,,,strona niedostępna
2025-05-02 12:26,,,strona niedostępna
2025-05-02 17:12,,,strona niedostępna
2025-05-02 22:12,,,strona niedostępna
2025-05-03 12:23,,,strona niedostępna
2025-05-03 17:10,,,strona niedostępna
2025-05-03 22:11,,,strona niedostępna
2025-05-04 12:24,,,strona niedostępna
2025-05-04 17:10,,,strona niedostępna
2025-05-04 22:12,,,strona niedostępna
2025-05-05 12:27,,,strona niedostępna
2025-05-05 17:12,,,strona niedostępna
2025-05-05 22:13,,,strona niedostępna
2025-05-06 12:28,,,strona niedostępna
2025-05-06 17:12,,,strona niedostępna
2025-05-06 22:12,,,strona niedostępna
2025-05-07 12:28,,,strona niedostępna
2025-05-07 17:12,,,strona niedostępna
2025-05-07 22:13,,,strona niedostępna
2025-05-08 12:27,,,strona niedostępna
2025-05-08 17:11,,,strona niedostępna
2025-05-08 22:12,,,strona niedostępna
2025-05-09 12:26,,,strona niedostępna
2025-05-09 17:12,,,strona niedostępna
2025-05-09 22:12,,,strona niedostępna
2025-05-10 12:23,,,strona niedostępna
2025-05-10 17:10,,,strona niedostępna
2025-05-10 22:11,,,strona niedostępna
2025-05-11 12:23,,,strona niedostępna
2025-05-11 17:10,,,strona niedostępna
2025-05-11 22:12,,,strona niedostępna
2025-05-12 12:28,,,strona niedostępna
2025-05-12 17:11,,,strona niedostępna
2025-05-12 22:13,,,strona niedostępna
2025-05-13 12:28,,,strona niedostępna
2025-05-13 17:12,,,strona niedostępna
2025-05-13 22:13,,,strona niedostępna
2025-05-14 12:27,,,strona niedostępna
2025-05-14 17:12,,,strona niedostępna
2025-05-14 22:11,,,strona niedostępna
2025-05-15 12:27,,,strona niedostępna
2025-05-15 17:12,,,strona niedostępna
2025-05-15 22:12,,,strona niedostępna
2025-05-16 12:27,,,strona niedostępna
2025-05-16 17:10,,,strona niedostępna
2025-05-16 22:12,,,strona niedostępna
2025-05-17 12:24,,,strona niedostępna
2025-05-17 17:10,,,strona niedostępna
2025-05-17 22:11,,,strona niedostępna
2025-05-18 12:24,,,strona niedostępna
2025-05-18 17:10,,,strona niedostępna
2025-05-18 22:12,,,strona niedostępna
2025-05-19 12:28,,,strona niedostępna
2025-05-19 17:12,,,strona niedostępna
2025-05-19 22:13,,,strona niedostępna
2025-05-20 12:28,,,strona niedostępna
2025-05-20 17:12,,,strona niedostępna
2025-05-20 22:12,,,strona niedostępna
2025-05-21 12:27,,,strona niedostępna
2025-05-21 17:12,,,strona niedostępna
2025-05-21 22:12,,,strona niedostępna
2025-05-22 12:28,,,strona niedostępna
2025-05-22 17:12,,,strona niedostępna
2025-05-22 22:13,,,strona niedostępna
2025-05-23 12:27,,,strona niedostępna
2025-05-23 17:12,,,strona niedostępna
2025-05-23 22:13,,,strona niedostępna
2025-05-24 12:24,,,strona niedostępna
2025-05-24 17:10,,,strona niedostępna
2025-05-24 22:12,,,strona niedostępna
2025-05-25 12:24,,,strona niedostępna
2025-05-25 17:10,,,strona niedostępna
2025-05-25 22:12,,,strona niedostępna
2025-05-26 12:27,,,strona niedostępna
2025-05-26 17:11,,,strona niedostępna
2025-05-26 22:12,,,strona niedostępna
2025-05-27 12:28,,,strona niedostępna
2025-05-27 17:12,,,strona niedostępna
2025-05-27 22:12,,,strona niedostępna
2025-05-28 12:28,,,strona niedostępna
2025-05-28 17:12,,,strona niedostępna
2025-05-28 22:12,,,strona niedostępna
2025-05-29 12:27,,,strona niedostępna
2025-05-29 17:12,,,strona niedostępna
2025-05-29 22:13,,,strona niedostępna
2025-05-30 12:27,,,strona niedostępna
2025-05-30 17:12,,,strona niedostępna
2025-05-30 22:12,,,strona niedostępna
2025-05-31 12:24,,,strona niedostępna
2025-05-31 17:11,,,strona niedostępna
2025-05-31 22:12,,,strona niedostępna
2025-06-01 12:25,,,strona niedostępna
2025-06-01 17:11,,,strona niedostępna
2025-06-01 22:12,,,strona niedostępna
2025-06-02 12:28,,,strona niedostępna
2025-06-02 17:13,,,strona niedostępna
2025-06-02 22:13,,,strona niedostępna
2025-06-03 12:28,,,strona niedostępna
2025-06-03 17:13,,,strona niedostępna
2025-06-03 22:13,,,strona niedostępna
2025-06-04 12:28,,,strona niedostępna
2025-06-04 17:12,,,strona niedostępna
2025-06-04 22:12,,,strona niedostępna
2025-06-05 12:28,,,strona niedostępna
2025-06-05 17:10,,,strona niedostępna
2025-06-05 22:12,,,strona niedostępna
2025-06-06 12:27,,,strona niedostępna
2025-06-06 17:13,,,strona niedostępna
2025-06-06 22:13,,,strona niedostępna
2025-06-07 12:24,,,strona niedostępna
2025-06-07 17:11,,,strona niedostępna
2025-06-07 22:12,,,strona niedostępna
2025-06-08 12:25,,,strona niedostępna
2025-06-08 17:11,,,strona niedostępna
2025-06-08 22:12,,,strona niedostępna
2025-06-09 12:28,,,strona niedostępna
2025-06-09 17:12,,,strona niedostępna
2025-06-09 22:13,,,strona niedostępna
2025-06-10 12:28,,,strona niedostępna
2025-06-10 17:12,,,strona niedostępna
2025-06-10 22:13,,,strona niedostępna
2025-06-11 12:28,,,strona niedostępna
2025-06-11 17:12,,,strona niedostępna
2025-06-11 22:13,,,strona niedostępna
2025-06-12 12:28,,,strona niedostępna
2025-06-12 17:13,,,strona niedostępna
2025-06-12 22:13,,,strona niedostępna
2025-06-13 12:28,,,strona niedostępna
2025-06-13 17:12,,,strona niedostępna
2025-06-13 22:13,,,strona niedostępna
2025-06-14 12:25,,,strona niedostępna
2025-06-14 17:11,,,strona niedostępna
2025-06-14 22:12,,,strona niedostępna
2025-06-15 12:25,,,strona niedostępna
2025-06-15 17:11,,,strona niedostępna
2025-06-15 22:12,,,strona niedostępna
2025-06-16 12:29,,,strona niedostępna
2025-06-16 17:12,,,strona niedostępna
2025-06-16 22:13,,,strona niedostępna
2025-06-17 12:29,,,strona niedostępna
2025-06-17 17:13,,,strona niedostępna
2025-06-17 22:13,,,strona niedostępna
2025-06-18 12:29,,,strona niedostępna
2025-06-18 17:14,,,strona niedostępna
2025-06-18 22:13,,,strona niedostępna
2025-06-19 12:28,,,strona niedostępna
2025-06-19 17:12,,,strona niedostępna
2025-06-19 22:13,,,strona niedostępna
2025-06-20 12:28,,,strona niedostępna
2025-06-20 17:12,,,strona niedostępna
2025-06-20 22:13,,,strona niedostępna
2025-06-21 12:25,,,strona niedostępna
2025-06-21 17:11,,,strona niedostępna
2025-06-21 22:12,,,strona niedostępna
2025-06-22 12:25,,,strona niedostępna
2025-06-22 17:11,,,strona niedostępna
2025-06-22 22:12,,,strona niedostępna
2025-06-23 12:29,,,strona niedostępna
2025-06-23 17:13,,,strona niedostępna
2025-06-23 22:13,,,strona niedostępna
2025-06-24 12:29,,,strona niedostępna
2025-06-24 17:14,,,strona niedostępna
2025-06-24 22:13,,,strona niedostępna
2025-06-25 12:29,,,strona niedostępna
2025-06-25 17:13,,,strona niedostępna
2025-06-25 22:13,,,strona niedostępna
2025-06-26 12:28,,,strona niedostępna
2025-06-26 17:13,,,strona niedostępna
2025-06-26 22:13,,,strona niedostępna
2025-06-27 12:28,,,strona niedostępna
2025-06-27 17:12,,,strona niedostępna
2025-06-27 22:14,,,strona niedostępna
2025-06-28 12:25,,,strona niedostępna
2025-06-28 17:11,,,strona niedostępna
2025-06-28 22:12,,,strona niedostępna
2025-06-29 12:25,,,strona niedostępna
2025-06-29 17:11,,,strona niedostępna
2025-06-29 22:12,,,strona niedostępna
2025-06-30 12:28,,,strona niedostępna
2025-06-30 17:12,,,strona niedostępna
2025-06-30 22:13,,,strona niedostępna
2025-07-01 12:28,,,strona niedostępna
2025-07-01 17:13,,,strona niedostępna
2025-07-01 22:13,,,strona niedostępna
2025-07-02 12:28,,,strona niedostępna
2025-07-02 17:13,,,strona niedostępna
2025-07-02 22:13,,,strona niedostępna
2025-07-03 12:28,,,strona niedostępna
2025-07-03 17:14,,,strona niedostępna
2025-07-03 22:13,,,strona niedostępna
2025-07-04 12:28,,,strona niedostępna
2025-07-04 17:12,,,strona niedostępna
2025-07-04 22:13,,,strona niedostępna
2025-07-05 12:25,,,strona niedostępna
2025-07-05 17:12,,,strona niedostępna
2025-07-05 22:12,,,strona niedostępna
2025-07-06 12:25,,,strona niedostępna
